symbol,direction,entry_date,exit_date,entry_price,exit_price,pnl_pct,bars
A0,long,2005-04-22,2005-05-17,2987.0,2869.0,-0.03950451958486778,12
A0,short,2005-09-15,2005-10-14,2735.0,2885.0,-0.051993067590987874,16
A0,long,2006-01-04,2006-01-12,2793.0,2686.0,-0.038310060866451834,6
A0,long,2006-04-11,2006-05-18,3679.0,3559.0,-0.032617559119325956,20
A0,long,2006-06-06,2006-06-09,3710.0,3552.0,-0.04258760107816717,3
A0,short,2006-08-29,2006-10-19,3310.0,2942.0,0.12508497620666215,32
A0,short,2006-10-25,2006-11-09,2580.0,3060.0,-0.1568627450980392,10
A0,short,2006-11-21,2006-12-06,2842.0,2950.0,-0.0366101694915254,11
A0,long,2007-02-27,2007-04-23,2953.0,3350.0,0.1344395529969522,39
A0,long,2007-08-06,2007-11-22,3507.0,4430.0,0.2631879098944967,73
A0,long,2007-12-11,2008-01-24,4472.0,4569.0,0.021690518783542112,32
A0,long,2008-02-05,2008-03-18,4833.0,4777.0,-0.011587006000413846,25
A0,long,2008-05-22,2008-07-10,4550.0,4904.0,0.07780219780219788,35
A0,short,2008-09-09,2008-11-05,4008.0,3353.0,0.19534745004473608,36
A0,short,2008-12-03,2008-12-24,3134.0,3250.0,-0.03569230769230769,15
A0,long,2009-02-06,2009-02-20,3531.0,3411.0,-0.03398470688190314,10
A0,long,2009-03-16,2009-04-15,3513.0,3516.0,0.000853970964987294,21
A0,short,2009-09-28,2009-10-14,3564.0,3694.0,-0.03519220357336217,6
A0,long,2010-01-05,2010-01-14,4066.0,3919.0,-0.036153467781603554,7
A0,short,2010-03-15,2010-03-23,3800.0,3870.0,-0.018087855297157618,6
A0,long,2010-04-30,2010-05-11,3988.0,3928.0,-0.015045135406218657,6
A0,short,2010-07-06,2010-07-12,3808.0,3850.0,-0.010909090909090868,4
A0,long,2010-09-08,2010-09-13,4077.0,4030.0,-0.011528084375766467,3
A0,long,2010-09-20,2010-11-18,4146.0,4341.0,0.04703328509406668,36
A0,long,2011-01-18,2011-01-27,4601.0,4453.0,-0.032166920234731555,7
A0,long,2011-02-10,2011-02-25,4646.0,4414.0,-0.04993542832544129,11
A0,long,2011-08-01,2011-08-09,4706.0,4485.0,-0.046961325966850875,6
A0,long,2011-08-23,2011-09-15,4649.0,4624.0,-0.005377500537750102,16
A0,short,2011-11-21,2011-12-19,4346.0,4331.0,0.0034634033710458922,19
A0,long,2012-02-01,2012-05-04,4384.0,4619.0,0.05360401459854014,62
A0,long,2012-08-21,2012-09-19,4845.0,4848.0,0.0006191950464395912,21
A0,short,2012-12-25,2013-01-16,4755.0,4813.0,-0.012050696031581154,13
A0,long,2013-04-10,2013-04-23,4814.0,4794.0,-0.004154549231408344,9
A0,short,2013-05-13,2013-05-20,4767.0,4815.0,-0.009968847352024968,5
A0,short,2013-07-25,2013-08-20,4533.0,4453.0,0.017965416573096693,18
A0,short,2013-11-21,2013-12-11,4427.0,4473.0,-0.010283925776883529,14
A0,long,2014-05-14,2014-06-09,4510.0,4507.0,-0.000665188470066469,17
A0,long,2014-09-02,2014-09-11,4624.0,4533.0,-0.019679930795847733,6
A0,long,2014-09-17,2014-09-23,4640.0,4520.0,-0.025862068965517238,4
A0,short,2015-03-25,2015-04-16,4074.0,4092.0,-0.004398826979472137,15
A0,long,2015-05-22,2015-06-08,4447.0,4248.0,-0.044749269170227146,11
A0,short,2015-07-07,2015-07-14,4127.0,4269.0,-0.03326305926446471,5
A0,short,2015-07-20,2015-07-31,4147.0,4248.0,-0.0237758945386064,9
A0,short,2015-11-17,2015-12-07,3754.0,3799.0,-0.011845222426954516,14
A0,short,2015-12-15,2016-03-01,3651.0,3527.0,0.03515735752764382,49
A0,short,2016-03-11,2016-04-15,3451.0,3422.0,0.008474576271186418,23
A0,long,2016-05-18,2016-07-07,3689.0,3733.0,0.01192735158579561,34
A0,short,2016-10-12,2016-10-24,3633.0,3805.0,-0.04520367936925096,8
A0,long,2016-11-07,2016-11-16,3832.0,3696.0,-0.035490605427975,7
A0,long,2016-11-24,2016-12-28,3816.0,4191.0,0.09827044025157239,24
A0,long,2017-02-03,2017-02-21,4315.0,4261.0,-0.012514484356894506,12
A0,short,2017-06-01,2017-06-07,3748.0,3847.0,-0.02573433844554196,4
A0,long,2017-07-12,2017-07-18,3906.0,3823.0,-0.021249359959037428,4
A0,short,2017-10-17,2017-11-23,3748.0,3679.0,0.01875509649361229,27
A0,short,2017-11-30,2017-12-13,3560.0,3622.0,-0.01711761457758143,9
A0,long,2018-03-19,2018-04-25,3714.0,3855.0,0.03796445880452337,25
A0,short,2018-06-08,2018-06-29,3567.0,3690.0,-0.033333333333333326,14
A0,short,2018-07-10,2018-08-01,3574.0,3628.0,-0.014884233737596508,16
A0,short,2019-03-19,2019-04-26,3381.0,3364.0,0.005053507728894235,26
A0,short,2019-07-17,2019-08-13,3376.0,3417.0,-0.011998829382499299,19
A0,short,2019-10-25,2019-11-13,3396.0,3407.0,-0.0032286469034340515,13
A0,short,2019-11-26,2019-12-05,3379.0,3876.0,-0.1282249742002064,7
A0,long,2020-01-09,2020-04-13,4029.0,4504.0,0.11789525936957057,60
A0,short,2020-09-29,2020-10-13,4376.0,4535.0,-0.03506063947078275,4
A0,long,2020-11-27,2020-12-16,5567.0,5207.0,-0.06466678641997481,13
A0,long,2020-12-24,2021-01-26,5690.0,5639.0,-0.00896309314586996,22
A0,long,2021-02-09,2021-03-17,5879.0,5831.0,-0.008164653852696047,21
A0,short,2021-06-24,2021-07-06,5636.0,5877.0,-0.04100731665815893,8
A0,long,2021-08-25,2021-09-01,5884.0,5711.0,-0.029401767505098597,5
A0,long,2021-09-06,2021-11-23,5840.0,6185.0,0.05907534246575352,49
A0,short,2021-12-24,2022-01-21,5888.0,6000.0,-0.01866666666666672,19
A0,long,2022-03-03,2022-03-14,6307.0,6140.0,-0.02647851593467576,7
A0,long,2022-03-17,2022-03-28,6282.0,6158.0,-0.019738936644380756,7
A0,long,2022-04-01,2022-04-14,6303.0,6191.0,-0.017769316198635532,7
A0,long,2022-06-02,2022-06-08,6351.0,6288.0,-0.009919697685403905,3
A0,short,2022-12-14,2023-01-12,5319.0,5277.0,0.007959067652075102,20
A0,short,2023-06-15,2023-06-26,4849.0,5089.0,-0.04716054234623701,5
A0,short,2024-01-05,2024-02-08,4828.0,4785.0,0.008986415882967558,24
A0,short,2024-02-23,2024-03-12,4647.0,4690.0,-0.009168443496801681,12
A0,short,2024-06-13,2024-06-26,4625.0,4643.0,-0.003876803790652583,9
A0,short,2024-08-14,2024-09-12,4513.0,4308.0,0.04758588672237707,21
A0,short,2024-09-19,2024-11-05,4170.0,3980.0,0.047738693467336724,28
A0,short,2024-11-15,2024-12-25,3859.0,3938.0,-0.020060944641950185,28
A0,short,2025-01-09,2025-01-14,3840.0,3962.0,-0.030792529025744586,3
A0,long,2025-02-24,2025-03-13,4138.0,4007.0,-0.031657805703238284,13
A0,short,2025-09-18,2025-10-13,3904.0,3967.0,-0.015881018401814995,11
A0,long,2025-11-14,2025-11-27,4215.0,4106.0,-0.025860023724792458,9
A0,long,2025-12-11,2025-12-18,4173.0,4041.0,-0.03163191948238675,5
A0,long,2026-01-29,2026-03-26,4436.0,4627.0,0.0430568079350766,34
A0,long,2026-04-10,2026-05-11,4889.0,4808.0,-0.016567805277152847,18
A0,long,2026-05-27,2026-06-01,4868.0,4710.0,-0.032456861133935866,3
AG0,short,2012-12-20,2013-01-17,6604.0,6580.0,0.0036474164133739606,17
AG0,short,2013-03-29,2013-07-24,5832.0,4063.0,0.43539256706866847,75
AG0,short,2013-11-01,2013-12-11,4391.0,4290.0,0.0235431235431236,28
AG0,short,2013-12-23,2014-01-06,4088.0,4191.0,-0.024576473395371057,10
AG0,short,2014-04-16,2014-05-14,4073.0,4138.0,-0.015708071532141155,18
AG0,short,2014-05-29,2014-06-17,4037.0,4118.0,-0.019669742593491968,12
AG0,long,2014-07-11,2014-07-28,4421.0,4296.0,-0.028274146120787158,11
AG0,short,2014-09-05,2014-11-26,4105.0,3462.0,0.1857307914500288,52
AG0,short,2015-12-03,2015-12-09,3206.0,3278.0,-0.021964612568639463,4
AG0,long,2016-03-08,2016-03-28,3450.0,3406.0,-0.012753623188405783,14
AG0,long,2016-11-29,2016-12-02,4179.0,4144.0,-0.008375209380234505,3
AG0,long,2016-12-06,2016-12-07,4172.0,4169.0,-0.0007190795781399917,1
AG0,short,2017-06-30,2017-07-31,4013.0,3916.0,0.024770173646578186,21
AG0,short,2017-10-27,2017-11-21,3832.0,3988.0,-0.03911735205616851,17
AG0,short,2018-03-21,2018-03-27,3638.0,3696.0,-0.015692640692640647,4
AG0,short,2018-03-30,2018-04-18,3618.0,3680.0,-0.016847826086956563,11
AG0,short,2018-05-02,2018-05-07,3626.0,3754.0,-0.03409696323921152,3
AG0,short,2018-08-14,2018-09-25,3638.0,3473.0,0.047509357903829486,29
AG0,long,2018-11-05,2018-11-13,3595.0,3499.0,-0.02670375521557722,6
AG0,long,2019-02-01,2019-02-28,3749.0,3674.0,-0.02000533475593491,14
AG0,short,2019-03-29,2019-05-10,3526.0,3591.0,-0.01810080757449184,25
AG0,long,2019-07-17,2019-09-18,3784.0,4415.0,0.16675475687103591,44
AG0,short,2019-11-06,2019-12-06,4249.0,4148.0,0.02434908389585333,22
AG0,long,2020-02-19,2020-03-03,4442.0,4071.0,-0.0835209365150833,9
AG0,long,2020-07-09,2020-08-25,4536.0,5857.0,0.29122574955908287,33
AG0,short,2020-11-24,2020-12-07,4899.0,5052.0,-0.030285035629453727,9
AG0,short,2021-03-22,2021-04-16,5311.0,5401.0,-0.01666358081836694,18
AG0,long,2021-06-01,2021-06-08,5893.0,5699.0,-0.03292041405056845,5
AG0,short,2021-07-19,2021-09-06,5316.0,5292.0,0.0045351473922903285,35
AG0,short,2021-09-15,2021-10-18,5057.0,4933.0,0.02513683356983587,16
AG0,short,2021-11-03,2021-11-10,4817.0,5005.0,-0.0375624375624376,5
AG0,short,2022-01-06,2022-01-21,4694.0,5081.0,-0.07616610903365484,11
AG0,long,2022-02-15,2022-03-31,4918.0,5011.0,0.018910126067507083,32
AG0,long,2022-04-13,2022-04-26,5208.0,4971.0,-0.04550691244239635,9
AG0,short,2022-06-15,2022-08-01,4647.0,4443.0,0.04591492234976369,33
AG0,long,2022-09-30,2022-10-19,4424.0,4388.0,-0.008137432188065064,8
AG0,long,2022-10-25,2023-01-09,4575.0,5252.0,0.14797814207650273,53
AG0,short,2023-02-27,2023-03-15,4870.0,5055.0,-0.03659742828882295,12
AG0,long,2023-09-15,2023-09-28,5922.0,5775.0,-0.024822695035460973,9
AG0,long,2023-11-06,2023-11-10,5856.0,5779.0,-0.013148907103825103,4
AG0,long,2023-12-22,2024-01-05,6090.0,5894.0,-0.03218390804597704,9
AG0,short,2024-02-06,2024-02-21,5824.0,5946.0,-0.020517995290951885,5
AG0,short,2024-02-29,2024-03-05,5874.0,6110.0,-0.038625204582651396,3
AG0,long,2024-05-16,2024-06-13,7581.0,7744.0,0.021501121224112962,19
AG0,long,2024-07-04,2024-07-23,8010.0,7536.0,-0.05917602996254678,13
AG0,long,2025-05-12,2025-05-16,8255.0,8101.0,-0.018655360387643816,4
AG0,long,2025-05-22,2025-08-04,8301.0,9039.0,0.08890495121069741,51
AG0,long,2025-08-26,2025-11-06,9354.0,11427.0,0.22161642078255284,46
AG0,long,2025-11-12,2026-02-05,12098.0,20255.0,0.6742436766407671,59
AL0,long,2005-05-09,2005-05-16,16820.0,16650.0,-0.01010701545778836,5
AL0,long,2005-11-25,2006-02-20,17680.0,20020.0,0.13235294117647056,56
AL0,short,2006-07-21,2006-08-14,18850.0,18920.0,-0.0036997885835095,16
AL0,short,2006-08-17,2006-08-30,18310.0,18950.0,-0.03377308707124016,9
AL0,long,2006-09-22,2006-09-28,20160.0,19490.0,-0.03323412698412698,4
AL0,long,2006-10-09,2006-11-02,19970.0,19640.0,-0.016524787180771106,17
AL0,long,2006-11-27,2006-12-25,20380.0,20140.0,-0.011776251226692791,20
AL0,long,2006-12-28,2007-01-08,20580.0,19350.0,-0.05976676384839652,4
AL0,short,2007-03-07,2007-04-10,19590.0,19940.0,-0.017552657973921804,24
AL0,short,2007-09-17,2007-09-26,19290.0,19350.0,-0.0031007751937984773,7
AL0,short,2007-10-09,2007-12-17,19180.0,18485.0,0.037598052474979715,49
AL0,short,2008-01-02,2008-01-08,18120.0,18320.0,-0.01091703056768556,4
AL0,short,2008-01-16,2008-01-24,18170.0,18670.0,-0.02678093197643283,6
AL0,short,2008-04-30,2008-05-20,18940.0,19280.0,-0.01763485477178428,14
AL0,short,2008-06-02,2008-06-19,18775.0,19115.0,-0.017787078210829144,13
AL0,short,2008-11-27,2008-12-26,12970.0,11150.0,0.1632286995515695,21
AL0,long,2009-05-08,2009-05-26,12950.0,12620.0,-0.025482625482625476,12
AL0,long,2009-06-03,2009-07-13,13080.0,13285.0,0.015672782874617708,28
AL0,long,2009-07-20,2009-08-28,13945.0,15035.0,0.0781642165650771,29
AL0,long,2009-11-16,2010-01-26,15385.0,17115.0,0.1124471888202796,50
AL0,short,2010-06-07,2010-06-28,14080.0,14915.0,-0.055983908816627515,13
AL0,long,2010-09-02,2010-11-18,15650.0,16385.0,0.04696485623003199,47
AL0,long,2011-02-09,2011-03-03,16995.0,16945.0,-0.0029420417769931984,16
AL0,long,2011-06-30,2011-08-09,17180.0,17265.0,0.004947613504074466,28
AL0,short,2011-09-19,2011-12-06,17105.0,16165.0,0.058150324775749995,50
AL0,short,2011-12-15,2012-01-06,15640.0,15900.0,-0.01635220125786163,14
AL0,long,2012-02-08,2012-02-16,16355.0,16125.0,-0.014062977682665845,6
AL0,long,2012-03-09,2012-03-26,16310.0,16235.0,-0.0045984058859595,11
AL0,short,2012-12-07,2012-12-12,15230.0,15380.0,-0.00975292587776333,3
AL0,short,2012-12-20,2012-12-31,15250.0,15365.0,-0.007484542792059901,7
AL0,short,2013-01-07,2013-02-01,15265.0,15205.0,0.003946070371588339,19
AL0,short,2013-02-19,2013-05-10,15090.0,14670.0,0.02862985685071573,53
AL0,short,2013-07-31,2013-08-13,14170.0,14425.0,-0.01767764298093588,9
AL0,short,2013-12-23,2014-04-04,13925.0,13155.0,0.058532877232991165,68
AL0,long,2014-06-26,2014-09-17,13590.0,14395.0,0.05923473142016178,58
AL0,short,2014-11-12,2015-01-29,13735.0,12830.0,0.0705378020265004,54
AL0,long,2015-04-27,2015-05-20,13360.0,13170.0,-0.014221556886227504,16
AL0,short,2015-07-01,2015-09-11,12500.0,12045.0,0.03777501037775011,50
AL0,short,2015-09-24,2015-12-04,11800.0,10270.0,0.14897760467380716,47
AL0,long,2016-02-04,2016-05-11,10900.0,12120.0,0.1119266055045871,62
AL0,long,2016-11-10,2016-12-01,14060.0,13355.0,-0.050142247510668536,15
AL0,short,2017-01-06,2017-01-12,12510.0,13280.0,-0.05798192771084343,4
AL0,long,2017-08-02,2017-10-09,14765.0,16465.0,0.11513714866237734,43
AL0,short,2018-03-12,2018-04-04,14065.0,14060.0,0.00035561877667134034,17
AL0,long,2018-05-17,2018-06-01,14885.0,14650.0,-0.01578770574403765,11
AL0,long,2018-06-07,2018-06-15,15085.0,14410.0,-0.04474643685780577,6
AL0,long,2018-08-22,2018-09-07,14655.0,14655.0,0.0,12
AL0,short,2018-10-30,2018-12-25,14085.0,13790.0,0.021392313270485852,40
AL0,short,2019-01-02,2019-01-25,13395.0,13520.0,-0.009245562130177465,17
AL0,short,2019-02-13,2019-02-20,13350.0,13505.0,-0.011477230655312809,5
AL0,long,2019-04-01,2019-05-31,13870.0,14155.0,0.020547945205479534,39
AL0,long,2019-09-09,2019-09-18,14420.0,14215.0,-0.014216366158113725,6
AL0,short,2019-11-18,2019-12-03,13795.0,13945.0,-0.010756543564001464,11
AL0,long,2020-01-17,2020-02-04,14280.0,13605.0,-0.047268907563025264,6
AL0,long,2020-07-06,2020-08-12,14125.0,14235.0,0.0077876106194689765,27
AL0,long,2020-08-21,2020-09-04,14710.0,14270.0,-0.029911624745071363,10
AL0,long,2020-09-18,2020-09-25,14640.0,14090.0,-0.037568306010928976,5
AL0,long,2020-11-04,2020-12-24,14750.0,15940.0,0.08067796610169498,36
AL0,long,2021-03-11,2021-03-25,17530.0,17060.0,-0.02681118083285794,10
AL0,long,2021-04-14,2021-05-25,17895.0,18370.0,0.026543727298127928,26
AL0,short,2021-06-18,2021-06-24,18380.0,18645.0,-0.014212925717350444,4
AL0,long,2021-07-26,2021-10-22,19550.0,21580.0,0.10383631713554986,57
AL0,long,2022-02-07,2022-03-11,22290.0,22035.0,-0.01144010767160164,24
AL0,long,2022-03-23,2022-04-07,23085.0,21815.0,-0.05501407840589123,9
AL0,short,2022-04-25,2022-05-27,20700.0,20775.0,-0.0036101083032491488,21
AL0,short,2022-06-14,2022-08-01,20005.0,18205.0,0.0988739357319417,34
AL0,long,2022-12-01,2022-12-14,19125.0,18800.0,-0.016993464052287632,9
AL0,long,2023-04-14,2023-04-28,18725.0,18470.0,-0.01361815754339124,10
AL0,short,2023-05-22,2023-06-09,18005.0,18425.0,-0.022795115332428728,14
AL0,long,2023-08-22,2023-10-11,18675.0,19110.0,0.02329317269076303,30
AL0,short,2024-02-02,2024-03-04,18810.0,19030.0,-0.011560693641618491,15
AL0,long,2024-05-20,2024-06-13,20945.0,20645.0,-0.01432322750059678,17
AL0,long,2024-11-07,2024-11-14,21450.0,20560.0,-0.041491841491841486,5
AL0,short,2025-01-06,2025-01-13,19565.0,20255.0,-0.03406566279930878,5
AL0,long,2025-03-10,2025-03-25,20895.0,20705.0,-0.009093084469968926,11
AL0,long,2025-07-22,2025-08-04,20900.0,20525.0,-0.01794258373205737,9
AL0,long,2025-08-12,2025-08-20,20735.0,20535.0,-0.00964552688690623,6
AL0,long,2025-08-27,2025-09-22,20810.0,20745.0,-0.0031234983181163134,18
AL0,long,2025-10-09,2025-11-24,21090.0,21380.0,0.013750592697961084,32
AL0,long,2025-12-02,2026-02-04,21910.0,23955.0,0.09333637608397982,44
AL0,long,2026-03-02,2026-03-23,24465.0,23555.0,-0.03719599427753939,15
AL0,long,2026-04-01,2026-04-29,24660.0,24615.0,-0.0018248175182481452,19
AL0,short,2026-06-05,2026-06-08,24300.0,24105.0,0.008089607965152457,1
AP0,long,2018-04-23,2018-06-12,7502.0,9135.0,0.2176752865902427,34
AP0,long,2018-06-15,2018-10-08,9941.0,11673.0,0.174227944874761,74
AP0,long,2019-03-07,2019-04-17,11348.0,8101.0,-0.2861297144871343,28
AP0,long,2019-11-20,2019-11-29,8204.0,8055.0,-0.018161872257435374,7
AP0,long,2019-12-02,2019-12-20,8221.0,8096.0,-0.015204962899890484,14
AP0,short,2020-02-03,2020-02-24,6874.0,7277.0,-0.05537996427099079,15
AP0,short,2020-03-03,2020-04-09,6823.0,6740.0,0.012314540059347179,26
AP0,short,2020-07-13,2020-09-10,7779.0,7121.0,0.09240275242241269,43
AP0,short,2021-01-06,2021-02-23,6339.0,6264.0,0.011973180076628287,29
AP0,short,2021-03-01,2021-03-26,5712.0,5880.0,-0.02857142857142858,19
AP0,long,2021-12-17,2022-01-06,8355.0,8203.0,-0.018192698982645084,13
AP0,long,2022-01-10,2022-03-16,8630.0,9232.0,0.06975666280417148,42
AP0,long,2022-03-28,2022-04-01,9869.0,8666.0,-0.1218968487182085,4
AP0,short,2022-07-11,2022-07-22,8569.0,8907.0,-0.03794768159874251,9
AP0,short,2022-08-02,2022-08-17,8631.0,9086.0,-0.05007704160246529,11
AP0,long,2023-02-20,2023-03-15,8948.0,8923.0,-0.0027939204291461683,17
AP0,long,2023-08-22,2023-09-04,8919.0,8817.0,-0.011436259670366655,9
AP0,long,2023-09-07,2023-10-20,9180.0,9250.0,0.007625272331154731,25
AP0,short,2024-02-01,2024-02-21,8097.0,8378.0,-0.03354022439723081,8
AP0,short,2024-04-24,2024-05-28,7571.0,7532.0,0.005177907594264397,20
AP0,short,2024-06-03,2024-07-12,7189.0,6979.0,0.030090270812437314,28
AP0,short,2024-07-30,2024-08-09,6753.0,7003.0,-0.03569898614879341,8
AP0,short,2024-08-28,2024-09-20,6858.0,7036.0,-0.025298465036952766,15
AP0,long,2024-12-04,2024-12-19,8029.0,7309.0,-0.08967492838460578,11
AP0,long,2025-03-10,2025-05-12,7378.0,7837.0,0.062211981566820285,41
AP0,short,2025-06-09,2025-06-24,7486.0,7674.0,-0.024498305968204348,11
AP0,long,2025-08-08,2025-12-11,8077.0,9505.0,0.17679831620651232,83
AP0,long,2026-02-12,2026-03-25,9739.0,9978.0,0.024540507238936193,23
AU0,short,2008-06-02,2008-06-30,196.35,205.71,-0.04550094793641546,20
AU0,short,2008-09-10,2008-09-22,173.21,191.7,-0.09645279081898794,8
AU0,long,2009-02-02,2009-03-05,198.46,202.5,0.020356746951526672,23
AU0,long,2009-03-23,2009-04-01,211.43,202.13,-0.04398618928250486,7
AU0,long,2009-08-31,2009-09-29,209.29,217.77,0.0405179416121173,21
AU0,long,2009-10-12,2009-12-11,230.88,250.7,0.08584546084546085,44
AU0,long,2010-03-18,2010-03-24,248.53,243.9,-0.018629541705226682,4
AU0,long,2010-04-26,2010-05-24,255.41,262.25,0.02678047061587252,20
AU0,long,2010-06-08,2010-07-05,272.9,264.26,-0.031659948699157114,17
AU0,long,2010-09-16,2010-11-18,275.95,292.99,0.06175031708642886,38
AU0,long,2010-12-30,2011-01-07,308.37,297.01,-0.03683886240555179,5
AU0,long,2011-03-24,2011-03-30,303.3,300.35,-0.009726343554236738,4
AU0,long,2011-04-06,2011-05-10,306.13,312.09,0.019468853101623385,23
AU0,long,2011-05-25,2011-06-28,317.23,312.16,-0.015982095009929642,23
AU0,long,2011-09-06,2011-09-15,395.25,375.54,-0.049867172675521765,6
AU0,short,2011-12-06,2012-01-12,352.75,336.98,0.046798029556650134,25
AU0,long,2012-02-23,2012-03-05,362.47,348.82,-0.0376582889618452,7
AU0,short,2012-04-05,2012-05-02,333.06,338.15,-0.015052491497855924,17
AU0,short,2012-05-09,2012-06-06,325.98,336.4,-0.03097502972651589,20
AU0,long,2012-08-20,2012-10-12,335.13,359.95,0.07406081222212269,34
AU0,short,2013-01-29,2013-03-20,339.07,326.88,0.03729197258932948,31
AU0,short,2013-04-03,2013-07-15,316.24,258.85,0.22171141587792143,65
AU0,short,2013-11-07,2014-01-06,260.5,246.6,0.056366585563665916,41
AU0,long,2014-03-13,2014-03-26,270.15,259.3,-0.040162872478252676,9
AU0,short,2014-08-19,2014-10-20,258.15,245.8,0.0502441008950365,38
AU0,short,2014-10-30,2014-11-19,238.1,236.8,0.005489864864864691,14
AU0,long,2015-01-06,2015-02-11,244.45,250.8,0.025976682348128444,26
AU0,short,2015-04-23,2015-04-30,237.4,241.2,-0.015754560530679917,5
AU0,short,2015-05-05,2015-05-12,238.5,240.6,-0.00872817955112215,5
AU0,short,2015-06-24,2015-08-13,238.6,234.25,0.01856990394877256,36
AU0,long,2015-09-22,2015-10-01,234.45,231.9,-0.010876519513755567,7
AU0,long,2015-10-09,2015-11-03,235.05,232.55,-0.010636034886194468,17
AU0,short,2015-12-03,2015-12-09,220.0,226.3,-0.027839151568714193,4
AU0,long,2016-04-13,2016-04-18,260.4,257.35,-0.011712749615975238,3
AU0,long,2016-04-20,2016-05-23,260.65,265.45,0.018415499712257866,22
AU0,short,2016-09-19,2016-09-26,284.55,288.1,-0.012322110378340856,5
AU0,short,2016-09-29,2016-11-01,284.75,280.25,0.01605709188224802,18
AU0,short,2016-12-16,2016-12-30,265.35,271.35,-0.02211166390270869,10
AU0,long,2017-02-06,2017-03-07,274.3,276.4,0.007655851257746926,21
AU0,long,2017-03-21,2017-04-28,277.35,283.2,0.02109248242293127,26
AU0,short,2018-02-28,2018-03-26,272.05,276.15,-0.014847003440159212,18
AU0,short,2018-06-08,2018-07-04,272.1,272.65,-0.0020172382174947767,17
AU0,short,2018-08-02,2018-09-13,270.75,268.1,0.009884371503170453,30
AU0,short,2018-09-28,2018-10-10,264.9,267.9,-0.011198208286674172,3
AU0,long,2018-11-22,2019-01-15,279.65,284.3,0.016627927766851514,36
AU0,long,2019-01-31,2019-03-04,287.85,281.8,-0.021017891262810506,17
AU0,long,2019-07-03,2019-09-10,321.1,344.85,0.07396449704142016,49
AU0,short,2019-11-06,2019-12-05,336.55,338.75,-0.006494464944649447,21
AU0,long,2020-02-03,2020-03-16,359.3,347.18,-0.03373225716671302,30
AU0,long,2020-05-15,2020-06-08,390.16,386.28,-0.009944638097191039,16
AU0,long,2020-06-24,2020-08-14,400.06,420.3,0.05059241113832935,35
AU0,short,2020-10-30,2020-11-06,397.1,408.3,-0.02743081067842268,5
AU0,short,2020-11-11,2020-12-17,395.64,390.5,0.013162612035851451,26
AU0,long,2021-05-06,2021-06-07,376.28,385.32,0.024024662485383264,22
AU0,short,2021-11-04,2021-11-09,366.58,377.46,-0.028824246277751264,3
AU0,long,2022-01-12,2022-02-07,373.92,372.14,-0.004760376551134038,13
AU0,long,2022-02-10,2022-03-17,377.4,395.44,0.04780074191838901,25
AU0,long,2022-04-13,2022-05-17,403.7,397.98,-0.014168937329700149,21
AU0,short,2022-06-15,2022-08-01,394.46,385.8,0.02244686365992732,33
AU0,long,2022-08-26,2022-08-31,391.28,386.92,-0.011142915559190225,3
AU0,long,2022-10-25,2022-12-08,393.82,402.44,0.021888172261439243,32
AU0,long,2022-12-22,2023-02-08,409.86,412.7,0.006929195334992366,28
AU0,long,2023-04-06,2023-05-23,447.18,447.62,0.000983943825752398,30
AU0,long,2023-07-06,2023-08-07,451.66,455.64,0.008811938183589385,22
AU0,long,2023-08-24,2023-10-09,460.04,454.8,-0.01139031388574907,26
AU0,long,2023-11-29,2023-12-13,475.46,469.02,-0.013544777688974885,10
AU0,long,2023-12-18,2024-01-19,474.9,480.36,0.011497157296272986,23
AU0,long,2024-02-01,2024-02-21,482.84,480.42,-0.005012012260790288,8
AU0,long,2024-03-01,2024-05-06,483.8,548.32,0.13336089293096332,41
AU0,long,2024-05-20,2024-05-28,578.84,555.96,-0.03952733052311519,6
AU0,long,2024-08-02,2024-08-07,574.04,556.06,-0.03132185910389518,3
AU0,long,2024-08-14,2024-11-11,568.22,615.78,0.08369997536165563,56
AU0,long,2024-11-25,2024-12-19,619.16,613.52,-0.009109115575941629,18
AU0,long,2025-01-03,2025-03-04,629.22,678.38,0.07812847652649313,36
AU0,long,2025-03-17,2025-05-14,697.64,761.72,0.09185253139154881,38
AU0,long,2025-06-05,2025-06-26,783.72,775.28,-0.010769152248252034,15
AU0,long,2025-11-14,2026-03-17,956.12,1119.16,0.1705225285529013,79
AU0,short,2026-05-15,2026-06-08,1004.38,942.2,0.06599448100191041,16
BU0,short,2014-04-02,2014-04-16,4142.0,4192.0,-0.011927480916030575,9
BU0,short,2014-05-01,2014-05-21,4068.0,4298.0,-0.05351326198231732,13
BU0,long,2014-08-05,2014-08-08,4284.0,4260.0,-0.0056022408963585235,3
BU0,short,2015-01-12,2015-02-16,3082.0,2966.0,0.03910991233985173,25
BU0,short,2015-06-15,2015-08-11,2988.0,2554.0,0.16992952231793268,40
BU0,short,2015-08-21,2015-09-14,2354.0,2498.0,-0.05764611689351484,15
BU0,short,2015-09-29,2015-10-13,2328.0,2418.0,-0.037220843672456594,6
BU0,short,2015-10-21,2015-12-24,2284.0,1908.0,0.1970649895178198,46
BU0,short,2016-01-12,2016-02-23,1696.0,1732.0,-0.020785219399538146,25
BU0,long,2016-07-15,2016-07-20,2074.0,1990.0,-0.04050144648023146,3
BU0,short,2016-09-12,2016-10-24,1824.0,1832.0,-0.004366812227074246,23
BU0,long,2016-12-29,2017-01-23,2752.0,2590.0,-0.05886627906976749,17
BU0,long,2017-02-10,2017-03-08,2808.0,2788.0,-0.007122507122507171,18
BU0,short,2017-04-12,2017-05-02,2548.0,2634.0,-0.03264996203492787,13
BU0,short,2017-05-08,2017-05-17,2456.0,2542.0,-0.03383162863886702,7
BU0,short,2017-05-31,2017-07-03,2342.0,2366.0,-0.010143702451394732,23
BU0,long,2017-08-25,2017-09-06,2756.0,2608.0,-0.053701015965166854,8
BU0,short,2017-09-28,2017-10-27,2434.0,2482.0,-0.019339242546333568,16
BU0,long,2017-11-21,2017-12-11,2696.0,2638.0,-0.021513353115726996,14
BU0,long,2018-01-03,2018-02-08,2662.0,2766.0,0.039068369646882095,26
BU0,long,2018-04-12,2018-04-27,2842.0,2784.0,-0.020408163265306145,11
BU0,long,2018-05-03,2018-06-15,2984.0,3164.0,0.0603217158176943,31
BU0,long,2018-07-02,2018-08-20,3184.0,3286.0,0.03203517587939708,35
BU0,long,2018-08-29,2018-10-22,3366.0,3660.0,0.08734402852049916,32
BU0,long,2019-03-01,2019-05-10,3436.0,3512.0,0.022118742724097862,45
BU0,short,2019-08-29,2019-09-18,3040.0,3178.0,-0.04342353681560729,13
BU0,short,2019-11-12,2019-11-25,2892.0,3038.0,-0.04805793285055959,9
BU0,short,2019-12-05,2019-12-11,2898.0,3024.0,-0.04166666666666663,4
BU0,long,2020-07-02,2020-08-05,2774.0,2806.0,0.011535688536409516,24
BU0,short,2020-09-04,2020-10-19,2586.0,2436.0,0.061576354679802936,25
BU0,short,2020-10-30,2020-11-25,2220.0,2452.0,-0.09461663947797716,18
BU0,long,2021-01-15,2021-03-18,2726.0,3042.0,0.1159207630227439,39
BU0,long,2021-06-01,2021-07-16,3278.0,3224.0,-0.016473459426479597,32
BU0,long,2021-09-24,2021-10-20,3254.0,3080.0,-0.053472649047326404,13
BU0,short,2021-11-19,2021-12-20,3038.0,3072.0,-0.01106770833333337,21
BU0,long,2022-03-04,2022-03-17,3716.0,3569.0,-0.0395586652314317,9
BU0,long,2022-03-25,2022-04-11,4025.0,3712.0,-0.07776397515527955,9
BU0,long,2022-04-19,2022-06-21,3957.0,4494.0,0.1357088703563305,41
BU0,short,2022-08-18,2022-09-30,4122.0,3937.0,0.04699009398018794,30
BU0,short,2022-11-15,2022-12-19,3656.0,3580.0,0.02122905027932953,24
BU0,long,2023-01-19,2023-02-14,3877.0,3811.0,-0.017023471756512754,13
BU0,long,2023-03-03,2023-03-17,3936.0,3615.0,-0.08155487804878048,10
BU0,short,2023-06-13,2023-07-11,3645.0,3714.0,-0.018578352180936952,18
BU0,long,2023-08-18,2023-08-28,3800.0,3725.0,-0.019736842105263164,6
BU0,long,2023-09-04,2023-10-11,3802.0,3780.0,-0.005786428195686533,21
BU0,long,2024-01-02,2024-01-09,3740.0,3626.0,-0.030481283422459926,5
BU0,long,2024-01-18,2024-02-06,3731.0,3696.0,-0.009380863039399667,13
BU0,short,2024-05-24,2024-06-21,3671.0,3605.0,0.0183079056865465,19
BU0,short,2024-08-06,2024-10-09,3568.0,3315.0,0.0763197586726998,39
BU0,long,2024-11-19,2025-02-26,3340.0,3708.0,0.1101796407185629,64
BU0,long,2025-06-12,2025-06-30,3527.0,3564.0,0.010490501842925992,12
BU0,long,2025-07-18,2025-08-06,3655.0,3529.0,-0.03447332421340632,13
BU0,short,2025-11-06,2025-12-24,3109.0,2996.0,0.037716955941254904,34
BU0,long,2026-03-02,2026-04-10,3555.0,4101.0,0.15358649789029544,28
BU0,long,2026-04-28,2026-05-26,4388.0,4156.0,-0.05287146763901551,17
C0,short,2005-07-18,2005-08-29,1287.0,1230.0,0.04634146341463419,30
C0,long,2005-12-22,2006-03-02,1355.0,1465.0,0.08118081180811809,45
C0,short,2006-04-12,2006-05-08,1385.0,1445.0,-0.04152249134948094,11
C0,short,2006-07-07,2006-08-21,1445.0,1418.0,0.01904090267983083,31
C0,short,2006-09-21,2006-10-10,1398.0,1458.0,-0.04115226337448563,8
C0,long,2006-11-02,2007-01-08,1485.0,1687.0,0.13602693602693594,44
C0,long,2007-01-16,2007-01-26,1760.0,1702.0,-0.03295454545454546,8
C0,short,2007-04-16,2007-05-10,1664.0,1671.0,-0.00418910831837227,13
C0,long,2007-10-29,2007-12-04,1717.0,1761.0,0.025626092020966773,26
C0,long,2008-04-29,2008-05-19,1965.0,1915.0,-0.025445292620865145,14
C0,short,2008-09-11,2008-12-24,1775.0,1529.0,0.1608894702419883,69
C0,short,2009-06-08,2009-07-14,1624.0,1627.0,-0.0018438844499077955,26
C0,long,2009-10-19,2009-11-06,1747.0,1733.0,-0.00801373783629078,14
C0,long,2009-11-12,2010-01-26,1755.0,1859.0,0.059259259259259345,52
C0,long,2010-05-10,2010-06-01,1947.0,1945.0,-0.0010272213662043672,16
C0,long,2010-09-20,2010-11-30,2119.0,2279.0,0.0755073147711185,44
C0,long,2010-12-15,2011-01-11,2325.0,2306.0,-0.008172043010752694,18
C0,long,2011-01-18,2011-03-10,2371.0,2425.0,0.02277520033741043,32
C0,long,2011-09-06,2011-09-16,2406.0,2388.0,-0.007481296758104716,7
C0,short,2011-11-21,2011-12-12,2175.0,2252.0,-0.03419182948490229,14
C0,long,2012-01-30,2012-04-12,2327.0,2434.0,0.045981951009884,50
C0,short,2012-06-12,2012-07-05,2295.0,2456.0,-0.06555374592833874,16
C0,long,2012-07-30,2012-08-08,2400.0,2376.0,-0.010000000000000009,7
C0,long,2012-08-13,2012-08-28,2421.0,2382.0,-0.01610904584882278,11
C0,long,2012-11-26,2012-12-25,2445.0,2431.0,-0.00572597137014319,21
C0,long,2013-01-08,2013-01-15,2456.0,2434.0,-0.00895765472312704,5
C0,short,2013-07-05,2013-08-26,2381.0,2343.0,0.016218523260776774,36
C0,short,2013-10-08,2013-10-11,2323.0,2346.0,-0.009803921568627416,3
C0,long,2014-05-27,2014-07-08,2369.0,2392.0,0.009708737864077666,29
C0,long,2014-07-10,2014-07-16,2416.0,2321.0,-0.039321192052980125,4
C0,short,2014-10-10,2014-10-16,2340.0,2388.0,-0.02010050251256279,4
C0,long,2014-12-09,2014-12-16,2430.0,2394.0,-0.014814814814814836,5
C0,short,2015-05-25,2015-07-06,2477.0,2345.0,0.05628997867803842,29
C0,short,2015-07-08,2015-07-21,2061.0,2368.0,-0.12964527027027029,9
C0,short,2015-09-11,2015-10-28,1925.0,1822.0,0.056531284302963725,29
C0,long,2015-12-15,2015-12-30,1903.0,1890.0,-0.006831318970047295,11
C0,long,2016-01-06,2016-02-23,1927.0,1642.0,-0.1478982874935132,29
C0,short,2016-03-30,2016-04-21,1435.0,1579.0,-0.09119696010132994,15
C0,long,2016-05-26,2016-06-20,1548.0,1592.0,0.028423772609819098,15
C0,short,2016-09-05,2016-10-14,1425.0,1444.0,-0.013157894736842146,22
C0,short,2017-01-09,2017-01-18,1508.0,1562.0,-0.03457106274007682,7
C0,long,2017-02-28,2017-04-11,1603.0,1633.0,0.018714909544603975,28
C0,short,2017-05-10,2017-05-19,1626.0,1643.0,-0.010346926354230068,7
C0,short,2017-05-22,2017-06-06,1618.0,1638.0,-0.012210012210012167,9
C0,long,2018-01-04,2018-01-17,1848.0,1816.0,-0.017316017316017285,9
C0,long,2018-02-06,2018-03-14,1815.0,1818.0,0.0016528925619834212,21
C0,long,2018-06-22,2018-09-17,1767.0,1884.0,0.06621392190152808,61
C0,short,2019-01-10,2019-01-29,1835.0,1857.0,-0.01184706515885836,13
C0,short,2019-02-18,2019-03-11,1816.0,1835.0,-0.010354223433242549,15
C0,short,2019-03-25,2019-03-28,1816.0,1833.0,-0.009274413529732684,3
C0,long,2019-05-13,2019-06-10,1949.0,1966.0,0.008722421754745913,19
C0,short,2019-07-22,2019-08-02,1915.0,1926.0,-0.005711318795430964,9
C0,short,2019-08-13,2019-10-21,1914.0,1847.0,0.03627504060638875,43
C0,long,2020-01-16,2020-02-12,1946.0,1923.0,-0.011819116135662888,13
C0,long,2020-03-02,2020-05-12,1943.0,2045.0,0.05249613998970659,47
C0,long,2020-07-09,2020-08-11,2145.0,2231.0,0.04009324009324011,23
C0,long,2020-09-07,2020-11-04,2347.0,2547.0,0.08521516829995734,36
C0,long,2020-11-23,2020-12-15,2604.0,2569.0,-0.013440860215053752,16
C0,long,2020-12-22,2021-01-27,2646.0,2765.0,0.04497354497354489,25
C0,long,2021-02-25,2021-03-04,2827.0,2758.0,-0.024407499115670306,5
C0,long,2021-03-08,2021-03-11,2824.0,2710.0,-0.040368271954674184,3
C0,short,2021-06-16,2021-08-03,2668.0,2607.0,0.023398542385884236,34
C0,short,2021-08-19,2021-09-27,2552.0,2481.0,0.028617492946392487,25
C0,long,2021-12-09,2021-12-28,2694.0,2681.0,-0.0048255382331106045,13
C0,long,2022-01-13,2022-03-30,2719.0,2842.0,0.045237219566016895,49
C0,long,2022-04-06,2022-05-12,2959.0,2972.0,0.004393376140588101,23
C0,short,2022-06-23,2022-08-09,2829.0,2705.0,0.04584103512014792,33
C0,long,2022-10-14,2022-11-16,2870.0,2828.0,-0.014634146341463428,23
C0,long,2022-11-24,2022-12-07,2889.0,2808.0,-0.028037383177570097,9
C0,short,2023-04-21,2023-05-30,2672.0,2631.0,0.015583428354237983,24
C0,long,2023-08-04,2023-08-15,2767.0,2705.0,-0.02240693892302137,7
C0,short,2024-01-10,2024-01-31,2355.0,2390.0,-0.014644351464435101,15
C0,short,2024-04-30,2024-05-08,2388.0,2446.0,-0.023712183156173294,3
C0,long,2024-06-07,2024-07-08,2489.0,2459.0,-0.012053033346725583,20
C0,short,2024-08-16,2024-08-26,2254.0,2333.0,-0.03386198028289755,6
C0,short,2024-09-06,2024-10-14,2268.0,2227.0,0.018410417602155338,19
C0,short,2024-11-11,2024-12-19,2187.0,2177.0,0.0045934772622875375,28
C0,long,2025-03-10,2025-03-19,2319.0,2284.0,-0.015092712376024164,7
C0,long,2025-06-09,2025-07-04,2357.0,2353.0,-0.0016970725498515193,19
C0,short,2025-07-31,2025-09-08,2288.0,2231.0,0.025549081129538243,27
C0,short,2025-09-17,2025-11-05,2161.0,2134.0,0.012652296157450893,29
C0,long,2025-12-30,2026-02-03,2230.0,2267.0,0.016591928251121102,23
C0,long,2026-02-11,2026-03-27,2316.0,2369.0,0.022884283246977555,26
C0,long,2026-04-14,2026-05-08,2397.0,2365.0,-0.013350020859407619,15
CF0,long,2005-04-07,2005-05-24,14550.0,14190.0,-0.024742268041237137,28
CF0,long,2005-10-17,2005-11-11,15465.0,15175.0,-0.018752020691884863,19
CF0,long,2006-01-06,2006-01-19,15315.0,15245.0,-0.004570682337577514,9
CF0,long,2006-01-26,2006-02-23,15430.0,15260.0,-0.011017498379779611,15
CF0,short,2006-03-20,2006-04-21,14700.0,14660.0,0.0027285129604366354,22
CF0,short,2006-04-28,2006-05-30,14230.0,14585.0,-0.02434007541995198,17
CF0,short,2006-09-20,2006-10-26,13545.0,13445.0,0.007437709185570851,21
CF0,short,2007-02-14,2007-03-09,13830.0,14165.0,-0.023649841157783236,12
CF0,short,2007-04-06,2007-05-23,13760.0,13850.0,-0.006498194945848357,28
CF0,long,2007-07-06,2007-07-31,14890.0,14915.0,0.00167897918065818,16
CF0,short,2008-04-22,2008-05-26,14210.0,15545.0,-0.08587970408491474,24
CF0,short,2008-08-26,2008-11-26,13670.0,11235.0,0.21673342234089898,61
CF0,long,2009-02-06,2009-02-26,12010.0,11870.0,-0.011656952539550347,14
CF0,long,2009-03-13,2009-05-01,11900.0,13000.0,0.09243697478991586,34
CF0,long,2009-05-07,2009-05-25,13560.0,13145.0,-0.0306047197640118,12
CF0,long,2009-06-30,2009-08-19,13290.0,13420.0,0.009781790820165615,36
CF0,long,2009-12-28,2010-01-19,16575.0,16360.0,-0.012971342383107043,15
CF0,short,2010-06-22,2010-06-25,16510.0,16775.0,-0.015797317436661684,3
CF0,long,2010-12-31,2011-02-23,28365.0,31750.0,0.11933721135201836,32
CF0,short,2011-04-18,2011-08-23,28175.0,21455.0,0.3132137030995106,89
CF0,short,2012-04-26,2012-06-19,21170.0,19375.0,0.09264516129032252,36
CF0,long,2012-09-18,2012-09-26,19810.0,19395.0,-0.02094901564866225,6
CF0,long,2013-06-04,2013-06-17,20210.0,19885.0,-0.016081147946561125,6
CF0,short,2013-07-09,2013-08-28,19900.0,19890.0,0.0005027652086475598,36
CF0,short,2013-09-04,2013-09-27,19700.0,19860.0,-0.00805639476334341,15
CF0,short,2013-10-11,2013-12-02,18870.0,18785.0,0.004524886877828038,35
CF0,short,2014-06-03,2014-08-06,15495.0,14690.0,0.054799183117767214,46
CF0,long,2015-01-19,2015-01-23,13140.0,13025.0,-0.008751902587519012,4
CF0,long,2015-01-29,2015-03-05,13225.0,13160.0,-0.004914933837429136,21
CF0,short,2015-07-15,2015-09-11,12715.0,12550.0,0.013147410358565814,40
CF0,short,2015-09-22,2015-11-17,12370.0,11995.0,0.03126302626094213,35
CF0,short,2015-11-30,2016-01-22,11670.0,11420.0,0.02189141856392296,38
CF0,short,2016-02-03,2016-03-22,10715.0,10450.0,0.025358851674641247,29
CF0,long,2016-05-30,2016-08-01,13330.0,14765.0,0.1076519129782445,43
CF0,long,2016-10-31,2016-12-06,15380.0,15800.0,0.027308192457737412,26
CF0,long,2017-02-28,2017-03-10,15955.0,15465.0,-0.030711375744280844,8
CF0,long,2017-05-16,2017-05-22,16190.0,15680.0,-0.0315009264978382,4
CF0,short,2017-06-28,2017-07-14,14845.0,15280.0,-0.028468586387434547,12
CF0,short,2017-07-26,2017-08-08,14870.0,15330.0,-0.030006523157208087,9
CF0,long,2017-09-04,2017-09-18,15820.0,15335.0,-0.030657395701643497,10
CF0,short,2017-11-20,2017-11-30,14935.0,15310.0,-0.02449379490529069,8
CF0,long,2018-05-03,2018-06-12,15565.0,17705.0,0.13748795374237077,28
CF0,short,2018-10-26,2018-11-23,15060.0,15180.0,-0.007905138339920903,20
CF0,long,2019-02-20,2019-02-28,15390.0,15205.0,-0.01202079272254708,6
CF0,short,2019-07-10,2019-08-16,13125.0,12840.0,0.02219626168224309,27
CF0,short,2019-08-27,2019-09-06,12365.0,12925.0,-0.04332688588007738,8
CF0,long,2019-12-05,2020-01-23,13030.0,13440.0,0.031465848042977695,34
CF0,long,2020-06-03,2020-06-24,11785.0,11650.0,-0.011455239711497645,15
CF0,long,2020-07-06,2020-09-11,12025.0,12590.0,0.04698544698544693,49
CF0,long,2020-10-09,2020-11-09,13295.0,14225.0,0.069951109439639,21
CF0,long,2020-12-11,2021-01-27,14835.0,15105.0,0.018200202224469164,32
CF0,long,2021-02-05,2021-03-11,15595.0,15790.0,0.012504007694774,19
CF0,long,2021-06-04,2021-06-17,15875.0,15640.0,-0.014803149606299248,8
CF0,long,2021-06-25,2021-08-26,16015.0,17565.0,0.09678426475179513,44
CF0,long,2021-09-08,2021-09-14,18085.0,17405.0,-0.03760022117777162,4
CF0,long,2021-09-27,2021-11-29,18510.0,21110.0,0.14046461372231223,40
CF0,long,2022-02-07,2022-02-17,22005.0,21320.0,-0.031129288798000476,8
CF0,long,2022-03-17,2022-04-15,21315.0,21595.0,0.013136288998357948,19
CF0,short,2022-06-15,2022-08-15,19860.0,15510.0,0.28046421663442933,43
CF0,short,2022-09-06,2022-11-15,14540.0,13395.0,0.08547965658827916,44
CF0,long,2023-01-18,2023-02-14,14705.0,14310.0,-0.02686161169670176,14
CF0,long,2023-05-19,2023-05-29,15995.0,15645.0,-0.021881838074398252,6
CF0,long,2023-06-02,2023-06-27,16340.0,16315.0,-0.0015299877600979395,15
CF0,long,2023-07-11,2023-08-10,17100.0,17160.0,0.0035087719298245723,22
CF0,long,2023-08-25,2023-09-11,17420.0,17185.0,-0.013490241102181444,11
CF0,long,2023-09-28,2023-10-12,17675.0,16970.0,-0.03988684582743984,4
CF0,short,2023-11-21,2023-12-12,15160.0,15360.0,-0.01302083333333337,15
CF0,long,2024-02-19,2024-03-05,16270.0,16025.0,-0.015058389674247108,10
CF0,short,2024-06-04,2024-07-03,14940.0,14825.0,0.007757166947723437,20
CF0,short,2024-07-24,2024-08-28,14245.0,13810.0,0.03149891383055747,25
CF0,short,2024-09-10,2024-09-20,13335.0,14075.0,-0.05257548845470694,6
CF0,long,2024-11-11,2024-11-14,14185.0,14030.0,-0.010927035600986956,3
CF0,short,2024-12-03,2025-01-14,13920.0,13600.0,0.0235294117647058,29
CF0,short,2025-03-24,2025-05-09,13605.0,12950.0,0.050579150579150634,30
CF0,long,2025-06-24,2025-07-31,13610.0,13650.0,0.0029390154298309934,27
CF0,long,2025-08-13,2025-09-05,14130.0,14000.0,-0.009200283085633365,17
CF0,short,2025-11-14,2025-11-26,13450.0,13625.0,-0.012844036697247652,8
CF0,long,2026-02-24,2026-03-20,15285.0,15215.0,-0.004579653254825011,18
CF0,long,2026-04-10,2026-05-19,15705.0,16160.0,0.028971665074816855,24
CF0,long,2026-06-03,2026-06-08,16355.0,15830.0,-0.03210027514521552,3
CS0,long,2015-05-05,2015-05-27,2998.0,2894.0,-0.034689793195463614,16
CS0,short,2015-06-30,2015-11-06,2834.0,2070.0,0.3690821256038648,85
CS0,long,2015-12-21,2015-12-24,2125.0,2088.0,-0.01741176470588235,3
CS0,long,2016-05-20,2016-06-27,2136.0,2187.0,0.023876404494381998,24
CS0,short,2016-08-31,2016-10-12,1739.0,1690.0,0.028994082840236635,23
CS0,long,2016-12-01,2016-12-12,1923.0,1864.0,-0.03068122724908995,7
CS0,long,2017-02-22,2017-03-20,1857.0,1885.0,0.015078082929456116,18
CS0,long,2017-03-22,2017-04-13,2120.0,1999.0,-0.05707547169811322,14
CS0,long,2017-09-07,2017-09-12,2036.0,1982.0,-0.026522593320235766,3
CS0,short,2017-10-10,2017-11-03,1940.0,1989.0,-0.02463549522373054,18
CS0,long,2017-12-06,2017-12-11,2130.0,2066.0,-0.030046948356807546,3
CS0,long,2017-12-18,2018-01-10,2146.0,2124.0,-0.010251630941286116,16
CS0,long,2018-06-20,2018-09-17,2230.0,2336.0,0.047533632286995475,63
CS0,long,2018-11-28,2018-12-05,2428.0,2358.0,-0.02883031301482697,5
CS0,short,2019-01-09,2019-01-29,2296.0,2327.0,-0.013321873657069161,14
CS0,short,2019-02-18,2019-03-11,2265.0,2306.0,-0.01777970511708582,15
CS0,short,2019-08-08,2019-10-31,2323.0,2224.0,0.04451438848920852,54
CS0,short,2019-11-13,2019-11-20,2195.0,2213.0,-0.008133755083596927,5
CS0,short,2019-11-28,2019-12-05,2185.0,2211.0,-0.011759384893713198,5
CS0,short,2019-12-16,2019-12-25,2195.0,2265.0,-0.030905077262693204,7
CS0,long,2020-01-16,2020-01-23,2309.0,2258.0,-0.022087483759203108,5
CS0,short,2020-03-16,2020-03-25,2223.0,2256.0,-0.0146276595744681,7
CS0,long,2020-06-11,2020-08-11,2424.0,2584.0,0.06600660066006592,41
CS0,long,2020-09-02,2020-11-04,2604.0,2842.0,0.09139784946236551,39
CS0,long,2020-11-19,2020-12-09,2924.0,2879.0,-0.01538987688098492,14
CS0,long,2020-12-21,2021-01-29,2978.0,3105.0,0.04264607118871733,28
CS0,long,2021-02-24,2021-03-12,3322.0,3242.0,-0.0240818783865141,12
CS0,long,2021-03-23,2021-03-26,3316.0,3237.0,-0.02382388419782866,3
CS0,long,2021-05-07,2021-05-17,3329.0,3210.0,-0.035746470411535,6
CS0,short,2021-07-06,2021-08-04,2942.0,2958.0,-0.005409060175794456,21
CS0,long,2021-11-09,2021-11-24,3254.0,3159.0,-0.029194837123540207,11
CS0,long,2022-02-22,2022-03-31,3238.0,3326.0,0.027177269919703484,27
CS0,long,2022-04-20,2022-05-12,3424.0,3330.0,-0.027453271028037407,13
CS0,short,2022-07-04,2022-08-01,3118.0,3090.0,0.009061488673139051,20
CS0,short,2022-08-17,2022-08-31,2994.0,3064.0,-0.02284595300261094,10
CS0,long,2022-11-23,2022-12-07,3045.0,2961.0,-0.02758620689655178,10
CS0,short,2023-04-21,2023-05-30,2974.0,2937.0,0.012597889002383456,24
CS0,long,2023-08-07,2023-08-17,3100.0,2915.0,-0.05967741935483872,8
CS0,short,2023-10-18,2023-11-07,2867.0,2923.0,-0.019158398905234297,14
CS0,short,2024-01-08,2024-01-15,2795.0,2848.0,-0.018609550561797805,5
CS0,short,2024-02-07,2024-02-20,2830.0,2875.0,-0.01565217391304352,3
CS0,short,2024-04-29,2024-05-10,2779.0,2833.0,-0.01906106600776558,6
CS0,short,2024-06-18,2024-06-21,2823.0,2922.0,-0.033880903490759784,3
CS0,short,2024-08-21,2024-08-28,2689.0,2735.0,-0.016819012797074984,5
CS0,short,2024-09-04,2024-10-24,2675.0,2661.0,0.005261180007515964,29
CS0,short,2024-12-18,2025-01-10,2481.0,2486.0,-0.002011263073209979,16
CS0,long,2025-02-21,2025-03-26,2631.0,2645.0,0.0053211706575446716,23
CS0,short,2025-08-08,2025-11-04,2642.0,2444.0,0.08101472995090009,56
CS0,long,2026-01-07,2026-01-29,2538.0,2535.0,-0.0011820330969266601,16
CS0,long,2026-02-10,2026-05-08,2608.0,2700.0,0.03527607361963181,53
CU0,long,2005-04-20,2005-04-29,33560.0,32090.0,-0.04380214541120386,7
CU0,long,2005-07-14,2005-08-22,33350.0,34170.0,0.024587706146926624,27
CU0,long,2005-08-30,2005-09-19,34750.0,33510.0,-0.03568345323741007,14
CU0,long,2005-09-23,2005-11-01,35410.0,36540.0,0.03191188929680888,22
CU0,long,2005-11-15,2005-11-25,37430.0,36700.0,-0.0195030724018167,8
CU0,long,2005-12-02,2006-02-20,38330.0,45680.0,0.1917558048525958,51
CU0,long,2006-03-17,2006-06-02,47160.0,70200.0,0.4885496183206106,48
CU0,long,2006-08-02,2006-08-25,67560.0,67660.0,0.001480165778567244,17
CU0,long,2006-09-01,2006-10-11,69720.0,69310.0,-0.00588066551921973,23
CU0,long,2006-10-17,2006-11-01,72270.0,69640.0,-0.036391310363913076,10
CU0,short,2006-12-15,2007-02-16,63110.0,55550.0,0.13609360936093617,42
CU0,short,2007-06-26,2007-07-04,62640.0,65650.0,-0.0458492003046459,6
CU0,short,2007-12-19,2007-12-25,53600.0,57970.0,-0.07538381921683635,4
CU0,long,2008-02-01,2008-03-14,61210.0,67650.0,0.10521156673746113,25
CU0,short,2008-05-29,2008-06-19,61460.0,62320.0,-0.013799743260590525,15
CU0,short,2008-09-05,2009-01-06,56710.0,26240.0,1.1612042682926829,78
CU0,long,2009-03-03,2009-04-28,28040.0,34130.0,0.21718972895863042,39
CU0,long,2009-05-08,2009-05-18,38920.0,35250.0,-0.09429599177800618,6
CU0,long,2009-06-01,2009-06-23,39210.0,38160.0,-0.026778882938025994,16
CU0,long,2009-07-15,2009-09-16,41340.0,48770.0,0.17972907595549104,45
CU0,long,2009-10-14,2010-01-26,49100.0,59210.0,0.20590631364562118,73
CU0,long,2010-03-19,2010-04-21,60230.0,60930.0,0.01162211522497092,22
CU0,short,2010-06-07,2010-06-25,50100.0,53180.0,-0.05791650996615272,12
CU0,long,2010-09-01,2010-11-18,59590.0,62720.0,0.05252559154220515,50
CU0,long,2011-02-01,2011-02-24,75580.0,71420.0,-0.05504101614183643,12
CU0,short,2011-04-01,2011-04-08,70440.0,73160.0,-0.03717878622197923,3
CU0,short,2011-06-27,2011-07-01,66840.0,69880.0,-0.043503148254150026,4
CU0,short,2011-09-14,2011-10-27,65050.0,58040.0,0.12077877325982089,26
CU0,short,2011-12-15,2012-01-06,53050.0,55900.0,-0.05098389982110907,14
CU0,short,2012-05-14,2012-06-19,56250.0,54660.0,0.029088913282107498,26
CU0,short,2012-08-13,2012-08-21,54430.0,54870.0,-0.008018953891015146,6
CU0,long,2013-01-04,2013-02-20,58360.0,58660.0,0.005140507196710109,28
CU0,short,2013-03-18,2013-05-10,55190.0,53420.0,0.03313365780606525,34
CU0,short,2013-07-31,2013-08-05,49200.0,50180.0,-0.019529693104822665,3
CU0,long,2013-10-16,2013-10-28,52220.0,51510.0,-0.013596323247797804,8
CU0,short,2013-11-04,2013-12-09,51700.0,50870.0,0.01631609986239435,24
CU0,short,2014-02-20,2014-04-01,50570.0,46640.0,0.08426243567753011,28
CU0,long,2014-06-20,2014-07-21,48760.0,49550.0,0.016201804757998373,21
CU0,short,2014-10-17,2014-10-30,46750.0,47510.0,-0.01599663228793935,9
CU0,short,2014-11-27,2015-02-10,46720.0,41320.0,0.1306873184898354,51
CU0,long,2015-03-23,2015-04-23,43570.0,42990.0,-0.013311911865962811,22
CU0,long,2015-04-30,2015-05-22,44240.0,45110.0,0.0196654611211573,15
CU0,short,2015-07-06,2015-08-13,40730.0,39580.0,0.029055078322385075,28
CU0,short,2015-10-21,2015-12-14,38910.0,36130.0,0.07694436756158307,38
CU0,long,2016-03-01,2016-03-30,36010.0,36990.0,0.02721466259372396,21
CU0,long,2017-01-11,2017-02-28,47160.0,47740.0,0.012298558100084733,29
CU0,short,2017-04-11,2017-05-24,46580.0,45780.0,0.01747487986020091,30
CU0,short,2017-06-07,2017-06-13,44880.0,45830.0,-0.02072878027492908,4
CU0,long,2017-07-12,2017-09-12,47250.0,51700.0,0.09417989417989414,44
CU0,short,2018-03-08,2018-04-19,52020.0,51940.0,0.0015402387370042625,28
CU0,long,2018-05-11,2018-05-17,51440.0,51050.0,-0.007581648522550499,4
CU0,long,2018-05-22,2018-06-21,51440.0,51780.0,0.006609642301710794,21
CU0,short,2018-09-04,2018-09-20,47680.0,49340.0,-0.033644102148358335,12
CU0,short,2018-11-27,2018-12-03,48880.0,50280.0,-0.027844073190135266,4
CU0,short,2018-12-06,2019-01-30,48980.0,47700.0,0.02683438155136275,37
CU0,short,2019-07-05,2019-07-16,46280.0,46910.0,-0.01342997228735876,7
CU0,short,2019-08-22,2019-08-30,46310.0,46690.0,-0.00813878774898269,6
CU0,long,2019-11-08,2019-11-15,47340.0,46930.0,-0.008660752006759642,5
CU0,long,2019-11-27,2020-01-07,47380.0,49010.0,0.03440270156184044,28
CU0,short,2020-02-28,2020-04-09,44390.0,40800.0,0.08799019607843128,28
CU0,long,2020-06-01,2020-08-07,44600.0,51300.0,0.15022421524663687,47
CU0,long,2020-08-21,2020-09-24,51800.0,50640.0,-0.02239382239382237,24
CU0,long,2020-12-17,2021-01-28,58620.0,57760.0,-0.014670760832480423,29
CU0,long,2021-02-09,2021-03-22,59570.0,66800.0,0.12136981702199101,24
CU0,short,2021-11-30,2021-12-24,69450.0,69750.0,-0.004301075268817178,18
CU0,long,2022-03-22,2022-04-27,73120.0,73320.0,0.00273522975929974,24
CU0,short,2022-05-26,2022-06-07,71080.0,72460.0,-0.01904499033949769,7
CU0,short,2022-06-15,2022-07-28,70670.0,59990.0,0.1780296716119354,31
CU0,long,2022-09-13,2022-09-28,63190.0,60020.0,-0.05016616553252096,11
CU0,long,2022-11-01,2022-11-24,63350.0,65110.0,0.027782162588792403,17
CU0,long,2022-12-09,2022-12-20,67120.0,65060.0,-0.03069129916567337,7
CU0,long,2022-12-28,2023-01-05,66440.0,64290.0,-0.032360024081878436,5
CU0,long,2023-01-11,2023-02-14,68000.0,68680.0,0.010000000000000009,19
CU0,long,2023-02-22,2023-03-14,70090.0,68550.0,-0.02197175060636325,14
CU0,long,2023-04-13,2023-04-25,69170.0,68080.0,-0.015758276709556207,8
CU0,long,2023-07-14,2023-08-10,69290.0,68590.0,-0.010102467888584266,19
CU0,long,2023-08-24,2023-09-21,68870.0,68510.0,-0.005227239727021882,20
CU0,long,2023-12-15,2024-01-05,68630.0,68390.0,-0.0034970129680897966,14
CU0,long,2024-02-21,2024-06-03,69000.0,81510.0,0.18130434782608695,68
CU0,short,2024-09-05,2024-09-18,71520.0,74510.0,-0.0401288417662059,7
CU0,short,2024-12-19,2025-01-09,73850.0,74920.0,-0.014281900694073646,14
CU0,long,2025-03-07,2025-04-07,78320.0,73640.0,-0.059754851889683325,20
CU0,long,2025-06-05,2025-06-23,78170.0,78290.0,0.0015351157733145548,12
CU0,long,2025-06-27,2025-07-11,79920.0,78430.0,-0.01864364364364368,10
CU0,long,2025-07-22,2025-07-30,79740.0,78930.0,-0.010158013544018019,6
CU0,short,2025-08-21,2025-08-27,78510.0,79190.0,-0.008586942795807517,4
CU0,long,2025-09-25,2025-11-19,82710.0,86110.0,0.04110748398017172,33
CU0,long,2025-12-01,2026-02-09,89280.0,101840.0,0.1406810035842294,48
EG0,short,2019-05-15,2019-06-21,4455.0,4437.0,0.0040567951318457585,26
EG0,short,2019-07-09,2019-07-26,4242.0,4464.0,-0.04973118279569888,13
EG0,short,2020-02-28,2020-04-16,4336.0,3553.0,0.22037714607374048,33
EG0,long,2020-08-17,2020-09-18,3805.0,3913.0,0.02838370565045989,24
EG0,long,2021-02-01,2021-03-15,4648.0,5270.0,0.13382099827882965,25
EG0,short,2021-11-29,2021-12-31,4929.0,4935.0,-0.0012158054711246535,24
EG0,short,2022-04-25,2022-05-06,4672.0,5036.0,-0.07227958697378867,6
EG0,short,2022-08-09,2022-08-30,4115.0,4099.0,0.003903391070992912,15
EG0,long,2023-01-11,2023-02-07,4280.0,4220.0,-0.014018691588784993,14
EG0,long,2023-02-23,2023-03-10,4315.0,4113.0,-0.046813441483198104,11
EG0,short,2023-06-26,2023-07-06,3884.0,3984.0,-0.025100401606425682,8
EG0,short,2024-05-09,2024-05-21,4400.0,4526.0,-0.027839151568714082,8
EG0,long,2024-06-25,2024-07-19,4594.0,4646.0,0.011319111885067512,18
EG0,short,2024-11-25,2024-12-03,4562.0,4662.0,-0.021450021450021395,6
EG0,long,2025-01-16,2025-01-22,4831.0,4755.0,-0.015731732560546496,4
EG0,short,2025-04-07,2025-05-09,4210.0,4218.0,-0.001896633475580889,21
EG0,long,2025-08-20,2025-09-03,4477.0,4331.0,-0.03261112352021445,10
EG0,short,2025-11-04,2025-12-26,3901.0,3846.0,0.01430057202288082,38
EG0,long,2026-05-06,2026-05-11,5162.0,4833.0,-0.0637349864393646,3
FU0,long,2005-05-30,2005-07-21,2582.0,2807.0,0.08714175058094509,38
FU0,long,2005-08-09,2005-10-21,2939.0,3061.0,0.04151071793126904,48
FU0,short,2005-12-21,2006-01-06,3015.0,3120.0,-0.033653846153846145,12
FU0,long,2006-03-20,2006-05-18,3517.0,3569.0,0.014785328404890441,36
FU0,long,2006-06-06,2006-06-12,3710.0,3618.0,-0.024797843665768204,4
FU0,short,2006-09-25,2006-10-24,2822.0,2935.0,-0.038500851788756396,16
FU0,short,2006-11-15,2006-12-04,2830.0,2960.0,-0.04391891891891897,13
FU0,long,2007-03-22,2007-05-10,3082.0,3391.0,0.10025957170668387,30
FU0,long,2007-10-11,2007-11-16,3675.0,3791.0,0.031564625850340144,26
FU0,long,2007-11-23,2007-12-10,4074.0,3911.0,-0.04000981836033379,11
FU0,long,2008-01-04,2008-01-18,4264.0,3960.0,-0.07129455909943716,10
FU0,long,2008-04-07,2008-07-24,4367.0,5251.0,0.20242729562628803,78
FU0,short,2008-09-05,2008-12-11,4521.0,2522.0,0.7926249008723236,65
FU0,long,2009-03-10,2009-04-28,3106.0,3269.0,0.052479072762395385,34
FU0,long,2009-05-06,2009-06-25,3508.0,3682.0,0.04960091220068419,34
FU0,long,2009-07-20,2009-09-02,3799.0,3956.0,0.04132666491181891,32
FU0,long,2009-11-13,2009-12-14,4194.0,4289.0,0.022651406771578397,21
FU0,long,2009-12-29,2010-01-27,4502.0,4526.0,0.005330964015992867,20
FU0,short,2010-07-07,2010-07-27,4273.0,4378.0,-0.02398355413430786,14
FU0,long,2010-08-19,2010-08-24,4567.0,4353.0,-0.04685789358440995,3
FU0,short,2010-09-09,2010-09-20,4370.0,4435.0,-0.01465614430665163,7
FU0,long,2010-11-05,2010-11-19,5025.0,4764.0,-0.051940298507462734,10
FU0,long,2011-01-06,2011-01-24,4933.0,4775.0,-0.032029191161564996,12
FU0,long,2012-01-05,2012-04-17,5156.0,5475.0,0.061869666408068236,65
FU0,long,2012-09-13,2012-09-24,5029.0,4925.0,-0.020680055677072984,7
FU0,long,2012-12-19,2013-02-27,5020.0,5189.0,0.03366533864541843,42
FU0,short,2013-05-17,2013-10-14,4925.0,4189.0,0.17569825734065403,96
FU0,long,2014-01-14,2014-02-12,4609.0,4100.0,-0.1104361032761988,14
FU0,short,2014-03-18,2014-04-03,3831.0,3941.0,-0.027911697538695712,12
FU0,short,2014-04-14,2014-05-07,3566.0,4023.0,-0.11359681829480484,16
FU0,short,2014-07-09,2014-07-29,3620.0,3771.0,-0.04004242906390876,14
FU0,short,2014-08-12,2014-09-04,3116.0,3184.0,-0.021356783919597944,17
FU0,long,2014-11-07,2014-11-12,3273.0,3136.0,-0.04185762297586315,3
FU0,long,2014-11-17,2014-12-08,3266.0,3186.0,-0.02449479485609307,15
FU0,long,2014-12-11,2014-12-19,3309.0,3189.0,-0.036264732547597434,6
FU0,short,2015-08-03,2015-09-10,2120.0,2198.0,-0.035486806187443154,26
FU0,long,2015-12-25,2016-01-04,2524.0,2472.0,-0.020602218700475405,5
FU0,long,2016-01-11,2016-01-15,2565.0,2472.0,-0.03625730994152043,4
FU0,long,2016-09-13,2016-09-20,2685.0,2592.0,-0.03463687150837991,3
FU0,short,2017-08-04,2017-08-15,3753.0,3866.0,-0.02922917744438691,7
FU0,short,2017-10-23,2018-05-15,3748.0,3846.0,-0.02548101924076962,136
FU0,short,2018-12-19,2019-01-10,2486.0,2638.0,-0.05761940864291126,14
FU0,long,2019-07-31,2019-08-06,3087.0,2382.0,-0.22837706511175904,4
FU0,short,2019-10-08,2019-12-05,2189.0,1952.0,0.1214139344262295,42
FU0,short,2020-04-23,2020-05-19,1535.0,1617.0,-0.05071119356833642,15
FU0,long,2020-07-22,2020-07-28,1736.0,1687.0,-0.028225806451612878,4
FU0,long,2021-01-08,2021-01-26,2216.0,2076.0,-0.06317689530685922,12
FU0,long,2021-02-04,2021-03-23,2246.0,2398.0,0.06767586821015148,28
FU0,long,2022-02-15,2022-04-06,3326.0,3936.0,0.18340348767288028,34
FU0,long,2022-04-18,2022-04-26,4126.0,3918.0,-0.050412021328162915,6
FU0,long,2022-04-29,2022-05-12,4322.0,4066.0,-0.05923183711244795,6
FU0,long,2022-05-18,2022-06-09,4245.0,3881.0,-0.08574793875147235,15
FU0,short,2022-09-01,2022-10-12,3009.0,2812.0,0.07005689900426737,23
FU0,short,2022-10-26,2022-11-03,2569.0,2809.0,-0.08543965824136701,6
FU0,short,2022-12-19,2022-12-22,2432.0,2667.0,-0.08811398575178098,3
FU0,long,2023-02-09,2023-03-16,2764.0,2655.0,-0.03943560057887119,25
FU0,long,2023-08-22,2023-08-28,3692.0,3497.0,-0.052816901408450745,4
FU0,long,2023-09-07,2023-10-11,3742.0,3334.0,-0.10903260288615713,18
FU0,short,2023-11-17,2023-12-22,3079.0,3098.0,-0.00613298902517756,25
FU0,short,2024-09-02,2024-09-24,2886.0,2902.0,-0.005513439007580945,14
FU0,long,2024-11-07,2024-12-09,3109.0,3031.0,-0.025088452878739176,22
FU0,long,2024-12-13,2025-02-10,3186.0,3513.0,0.10263653483992474,34
FU0,short,2025-08-05,2025-08-27,2842.0,2790.0,0.018637992831541217,16
FU0,short,2025-11-07,2025-12-24,2695.0,2480.0,0.08669354838709675,33
HC0,long,2014-08-06,2014-08-18,3334.0,3278.0,-0.016796640671865593,8
HC0,short,2015-01-09,2015-02-17,2834.0,2612.0,0.0849923430321593,27
HC0,short,2015-03-09,2015-04-24,2526.0,2490.0,0.014457831325301207,33
HC0,short,2015-06-05,2015-07-30,2448.0,2069.0,0.1831802803286613,38
HC0,short,2015-08-24,2015-12-14,1941.0,1792.0,0.0831473214285714,75
HC0,long,2016-02-16,2016-05-05,1969.0,2458.0,0.2483494159471813,55
HC0,long,2016-08-01,2016-09-02,2700.0,2652.0,-0.01777777777777778,24
HC0,long,2016-11-25,2016-12-21,3551.0,3588.0,0.010419600112644423,18
HC0,long,2017-01-24,2017-02-07,3585.0,3469.0,-0.03235704323570432,5
HC0,long,2017-02-13,2017-03-02,3730.0,3579.0,-0.040482573726541515,13
HC0,short,2017-03-21,2017-05-02,3453.0,3142.0,0.09898154042011464,27
HC0,short,2017-06-05,2017-06-16,2936.0,3164.0,-0.07206068268015176,9
HC0,long,2017-08-02,2017-09-18,3797.0,4046.0,0.0655780879641823,33
HC0,long,2017-12-04,2017-12-08,4074.0,3923.0,-0.03706431026018653,4
HC0,long,2018-02-26,2018-03-09,4080.0,3803.0,-0.06789215686274508,9
HC0,short,2018-04-04,2018-04-23,3422.0,3680.0,-0.07010869565217392,11
HC0,long,2018-05-29,2018-06-25,3851.0,3849.0,-0.0005193456245131678,18
HC0,long,2018-07-11,2018-08-31,3952.0,4064.0,0.028340080971659853,37
HC0,short,2018-10-31,2018-12-17,3802.0,3439.0,0.10555394009886587,33
HC0,long,2019-02-22,2019-03-19,3706.0,3699.0,-0.0018888289260657887,17
HC0,long,2019-04-02,2019-04-11,3771.0,3703.0,-0.018032352161230447,6
HC0,short,2019-05-30,2019-06-21,3640.0,3760.0,-0.03191489361702127,15
HC0,short,2019-08-27,2019-09-25,3561.0,3511.0,0.014240956992309872,20
HC0,short,2019-10-10,2019-11-05,3399.0,3385.0,0.004135893648449018,18
HC0,long,2020-01-08,2020-02-03,3643.0,3246.0,-0.10897611858358491,12
HC0,long,2020-06-19,2020-09-07,3659.0,3864.0,0.05602623667668771,54
HC0,long,2021-03-15,2021-05-21,5068.0,5493.0,0.08385951065509079,45
HC0,long,2021-07-29,2021-08-04,6104.0,5853.0,-0.041120576671035414,4
HC0,long,2021-10-15,2021-10-22,5740.0,5308.0,-0.07526132404181185,5
HC0,short,2021-12-28,2022-01-07,4444.0,4677.0,-0.049818259568099155,7
HC0,long,2022-03-02,2022-04-25,5138.0,4889.0,-0.04846243674581552,36
HC0,short,2022-06-16,2022-08-01,4609.0,4042.0,0.14027709054923299,32
HC0,short,2022-08-19,2022-08-26,3827.0,4061.0,-0.057621275547894646,5
HC0,short,2022-09-01,2022-09-27,3727.0,3884.0,-0.04042224510813597,17
HC0,long,2023-01-11,2023-02-03,4193.0,4084.0,-0.025995707130932466,12
HC0,long,2023-02-16,2023-03-22,4229.0,4286.0,0.01347836367935673,24
HC0,short,2023-05-11,2023-06-06,3653.0,3765.0,-0.029747675962815356,18
HC0,long,2023-07-20,2023-08-14,3887.0,3889.0,0.0005145356315925387,17
HC0,short,2023-09-25,2023-10-27,3812.0,3844.0,-0.008324661810613976,18
HC0,long,2023-12-08,2023-12-19,4149.0,4030.0,-0.028681610026512372,7
HC0,long,2023-12-26,2024-01-09,4135.0,4049.0,-0.0207980652962515,9
HC0,short,2024-03-28,2024-04-11,3692.0,3761.0,-0.018346184525392162,8
HC0,short,2024-07-09,2024-09-26,3711.0,3352.0,0.1071002386634845,55
HC0,short,2025-03-19,2025-05-14,3348.0,3267.0,0.024793388429751984,36
HC0,short,2025-05-26,2025-06-24,3138.0,3099.0,0.012584704743465736,20
HC0,short,2025-11-10,2025-11-19,3252.0,3277.0,-0.007628928898382625,7
HC0,short,2026-01-05,2026-01-09,3248.0,3294.0,-0.013964784456587775,4
HC0,long,2026-04-17,2026-05-22,3324.0,3385.0,0.01835138387484947,22
I0,short,2014-02-24,2014-04-01,821.0,800.0,0.026250000000000107,24
I0,short,2014-06-12,2014-06-27,666.0,707.0,-0.057991513437057995,11
I0,short,2014-08-11,2014-10-15,671.0,580.0,0.15689655172413786,40
I0,short,2014-10-24,2014-12-19,530.0,490.0,0.08163265306122458,40
I0,short,2015-03-05,2015-04-24,460.0,417.0,0.10311750599520386,35
I0,long,2015-06-10,2015-06-19,450.5,431.5,-0.04217536071032191,7
I0,long,2015-06-23,2015-06-29,509.0,429.0,-0.15717092337917482,4
I0,short,2015-08-25,2015-09-01,360.5,388.5,-0.07207207207207211,5
I0,short,2015-11-17,2015-12-22,339.5,308.0,0.10227272727272729,25
I0,long,2016-04-13,2016-05-09,419.0,388.0,-0.07398568019093077,17
I0,long,2016-07-28,2016-08-15,472.5,421.5,-0.10793650793650789,12
I0,long,2016-11-23,2016-12-20,616.5,568.0,-0.07866991078669916,19
I0,long,2017-02-10,2017-03-07,688.0,661.5,-0.03851744186046513,17
I0,long,2017-03-16,2017-03-23,726.5,580.5,-0.20096352374397797,5
I0,short,2017-05-31,2017-06-27,424.5,456.5,-0.07009857612267256,19
I0,long,2017-08-21,2017-09-08,596.0,534.5,-0.10318791946308725,14
I0,long,2017-12-20,2018-01-17,529.0,531.5,0.004725897920604849,19
I0,long,2018-09-07,2018-11-05,498.0,516.0,0.03614457831325302,35
I0,long,2019-04-01,2019-04-18,650.0,620.0,-0.0461538461538461,12
I0,long,2019-05-07,2019-07-25,652.0,739.0,0.1334355828220859,56
I0,short,2019-11-07,2019-11-18,611.0,632.0,-0.03322784810126578,7
I0,long,2019-12-11,2019-12-18,658.5,635.0,-0.03568716780561887,5
I0,long,2020-01-02,2020-02-04,655.5,591.0,-0.09839816933638446,17
I0,long,2020-07-10,2020-08-13,790.5,826.5,0.04554079696394697,24
I0,long,2020-09-04,2020-09-11,850.0,837.0,-0.015294117647058791,5
I0,short,2020-10-26,2020-11-10,760.5,825.5,-0.07874015748031493,11
I0,long,2021-07-05,2021-07-23,1225.0,1124.0,-0.08244897959183672,14
I0,short,2021-09-17,2021-10-11,629.0,797.5,-0.2112852664576802,9
I0,short,2021-10-29,2021-11-25,637.5,611.5,0.042518397383483286,19
I0,long,2022-01-06,2022-02-17,717.0,684.5,-0.04532775453277549,25
I0,long,2022-03-16,2022-04-26,804.0,809.0,0.006218905472636926,27
I0,short,2022-08-15,2022-09-13,707.5,728.5,-0.028826355525051528,20
I0,long,2022-12-30,2023-03-22,863.0,865.5,0.0028968713789108147,52
I0,long,2023-07-18,2023-08-04,845.0,817.5,-0.03254437869822491,13
I0,long,2023-10-19,2023-12-08,871.5,963.5,0.10556511761331033,36
I0,long,2023-12-25,2024-01-16,970.5,938.5,-0.03297269448737761,15
I0,short,2024-03-28,2024-04-11,758.0,826.0,-0.08232445520581111,8
I0,long,2024-05-20,2024-06-03,894.5,843.5,-0.057015092230296216,10
I0,short,2024-07-17,2024-08-28,805.0,754.5,0.06693174287607695,30
I0,short,2024-09-04,2024-09-27,689.5,750.0,-0.08066666666666666,15
I0,long,2024-10-30,2024-11-13,785.5,762.5,-0.029280712921705865,10
I0,long,2024-11-26,2024-12-19,783.0,778.5,-0.005747126436781658,17
I0,long,2025-02-20,2025-02-27,837.0,805.0,-0.03823178016726403,5
I0,short,2025-04-03,2025-05-14,743.5,737.0,0.008819538670284954,25
I0,short,2025-05-27,2025-06-24,698.5,703.0,-0.006401137980085347,19
I0,long,2025-09-05,2025-09-30,789.5,780.5,-0.011399620012666256,17
IC0,short,2017-05-23,2017-06-09,5716.0,5964.4,-0.04164710616323519,11
IC0,long,2017-07-27,2017-09-26,6129.4,6485.0,0.05801546644043465,43
IC0,long,2017-10-13,2017-10-18,6722.0,6542.8,-0.026658732520083328,3
IC0,long,2018-01-24,2018-01-31,6409.6,6186.6,-0.03479156265601602,5
IC0,short,2018-04-17,2018-05-09,5888.0,6011.0,-0.02046248544335383,14
IC0,short,2018-08-02,2018-08-29,4946.4,4918.2,0.005733805050628149,19
IC0,short,2018-09-10,2018-09-26,4684.2,4800.0,-0.024125000000000063,11
IC0,short,2018-10-10,2018-11-06,4639.2,4439.2,0.045053162732023866,19
IC0,short,2018-12-06,2019-01-09,4388.2,4273.8,0.026767747671861075,22
IC0,short,2019-01-30,2019-02-12,4201.8,4433.4,-0.052239815942617285,4
IC0,long,2019-04-03,2019-04-24,5828.6,5627.0,-0.0345880657447758,14
IC0,short,2019-06-06,2019-06-21,4611.8,4975.0,-0.07300502512562812,10
IC0,short,2019-08-02,2019-08-21,4779.2,4842.8,-0.013132898323284126,13
IC0,short,2019-11-11,2019-12-05,4862.0,4960.2,-0.019797588806902966,18
IC0,long,2020-02-14,2020-03-13,5405.6,5447.0,0.007658724285925622,20
IC0,long,2020-06-02,2020-07-28,5523.0,6252.0,0.13199348180336767,38
IC0,short,2020-10-22,2020-11-11,6261.2,6268.4,-0.001148618467232465,14
IC0,long,2021-01-20,2021-02-01,6479.4,6357.8,-0.018767169799672745,8
IC0,long,2021-02-18,2021-03-08,6579.6,6243.6,-0.051066934160131305,12
IC0,long,2021-05-25,2021-07-05,6589.0,6678.4,0.013568067992107968,28
IC0,long,2021-07-12,2021-07-29,6866.0,6736.8,-0.01881736090882602,13
IC0,long,2021-08-09,2021-09-29,6913.8,7047.0,0.019265816193699603,35
IC0,long,2022-01-04,2022-01-07,7371.0,7192.0,-0.024284357617690988,3
IC0,short,2022-03-08,2022-05-17,6395.8,5797.0,0.10329480765913401,45
IC0,long,2022-06-24,2022-07-13,6348.6,6240.2,-0.01707463062722503,13
IC0,short,2023-06-08,2023-06-15,5959.2,6093.6,-0.022055927530523878,5
IC0,short,2023-06-26,2023-07-17,5890.0,6006.6,-0.019411980155162767,15
IC0,short,2023-07-21,2023-08-01,5925.4,6099.0,-0.028463682570913362,7
IC0,short,2023-09-21,2023-11-08,5622.8,5593.0,0.005328088682281518,28
IC0,short,2023-12-15,2024-02-19,5456.0,5083.4,0.07329739937836899,39
IC0,short,2024-07-24,2024-09-26,4631.4,4995.2,-0.07282991672005124,44
IC0,long,2024-11-06,2024-11-19,6096.0,5890.2,-0.03375984251968511,9
IC0,long,2024-12-10,2024-12-25,5991.4,5784.0,-0.0346162833394531,11
IC0,long,2025-03-14,2025-03-20,6096.2,5902.4,-0.031790295593976614,4
IC0,long,2025-05-29,2025-06-19,5668.6,5504.4,-0.028966587870020932,14
IC0,long,2025-06-26,2025-10-20,5729.0,6909.2,0.2060045383138418,76
IC0,long,2025-10-29,2025-11-18,7390.0,7079.8,-0.04197564276048715,14
IC0,short,2025-12-16,2025-12-23,6843.4,7133.2,-0.04062692760612352,5
IC0,long,2026-02-27,2026-03-05,8645.4,8255.6,-0.04508756101510625,4
IF0,long,2017-06-22,2017-08-14,3560.8,3681.4,0.03386879352954386,37
IF0,long,2017-08-23,2017-09-26,3741.6,3813.8,0.019296557622407562,24
IF0,long,2017-10-11,2017-11-29,3902.2,4035.8,0.0342370970221928,35
IF0,short,2018-04-17,2018-05-09,3738.8,3869.0,-0.03365210648746442,14
IF0,short,2018-05-25,2018-07-16,3789.2,3459.0,0.09546111592945938,35
IF0,short,2018-08-02,2018-08-29,3345.0,3379.8,-0.01029646724658273,19
IF0,short,2018-09-07,2018-09-21,3273.2,3428.2,-0.045213231433405277,10
IF0,short,2018-10-11,2018-11-06,3106.8,3245.0,-0.042588597842835085,18
IF0,short,2018-11-23,2018-12-05,3136.2,3253.8,-0.0361423566291722,8
IF0,short,2018-12-10,2019-01-11,3148.6,3099.2,0.01593959731543637,22
IF0,long,2019-04-02,2019-04-29,3971.2,3914.8,-0.01420225624496363,18
IF0,long,2019-07-26,2019-08-05,3851.8,3667.0,-0.04797756892881255,6
IF0,long,2019-10-15,2019-10-22,3934.8,3878.8,-0.014231981295110274,5
IF0,long,2019-11-01,2019-11-13,3959.4,3900.0,-0.015002273071677563,8
IF0,long,2020-06-02,2020-07-28,3955.0,4528.8,0.14508217446270555,38
IF0,long,2020-09-01,2020-09-09,4826.0,4577.2,-0.05155408205553258,6
IF0,long,2020-11-04,2020-12-11,4799.2,4887.4,0.01837806301050171,27
IF0,long,2020-12-28,2021-02-01,5064.2,5406.0,0.06749338493740376,24
IF0,long,2021-02-10,2021-02-26,5801.0,5315.0,-0.08377865885192204,7
IF0,short,2021-05-10,2021-05-18,4988.6,5186.8,-0.03821238528572524,6
IF0,short,2021-07-02,2021-08-12,5045.2,4949.0,0.01943827035764789,29
IF0,short,2021-08-20,2021-09-08,4718.0,4961.0,-0.04898206006853456,13
IF0,short,2021-09-17,2021-10-15,4848.2,4930.8,-0.016751845542305577,13
IF0,short,2022-03-07,2022-04-01,4339.4,4268.0,0.016729147141518297,19
IF0,short,2022-04-21,2022-05-19,3998.8,3997.0,0.0004503377533149333,17
IF0,short,2022-08-24,2022-11-08,4080.2,3756.6,0.08614172389927055,48
IF0,long,2023-01-05,2023-02-17,3974.4,4034.6,0.015146940418679478,26
IF0,short,2023-06-29,2023-07-05,3805.4,3849.6,-0.011481712385702392,4
IF0,short,2023-07-24,2023-07-27,3812.0,3910.4,-0.025163666121112982,3
IF0,short,2023-09-13,2023-11-08,3739.6,3613.6,0.03486827540402926,34
IF0,short,2023-11-27,2024-01-02,3517.2,3388.2,0.03807331326367991,25
IF0,short,2024-01-09,2024-01-29,3292.4,3294.0,-0.0004857316332725903,14
IF0,short,2024-02-02,2024-02-08,3165.4,3353.6,-0.05611879770992356,4
IF0,long,2024-04-29,2024-05-28,3631.6,3596.4,-0.009692697433637987,18
IF0,short,2024-07-25,2024-09-26,3380.6,3588.0,-0.05780379041248607,43
IF0,long,2024-11-08,2024-11-19,4112.2,3973.2,-0.03380185788628953,7
IF0,long,2024-12-10,2024-12-17,4000.4,3922.4,-0.01949805019498052,5
IF0,long,2024-12-25,2025-01-03,3986.8,3779.0,-0.05212200260860844,6
IF0,long,2025-03-14,2025-03-25,4012.8,3904.4,-0.027013556618819767,7
IF0,long,2025-06-09,2025-06-19,3867.8,3766.0,-0.02631987176172501,8
IF0,long,2025-06-25,2025-11-18,3922.8,4555.0,0.16116039563577034,98
IF0,short,2025-12-16,2025-12-23,4451.4,4571.4,-0.026250164063525427,5
IF0,long,2026-02-27,2026-03-05,4713.8,4629.0,-0.017989732275446646,4
IH0,long,2017-06-26,2017-08-10,2525.4,2607.2,0.032390908370951044,33
IH0,long,2017-08-24,2017-09-15,2653.0,2669.0,0.006030908405578517,16
IH0,long,2017-10-12,2017-12-04,2720.8,2858.8,0.05072037635989424,37
IH0,long,2017-12-25,2017-12-29,2887.8,2869.2,-0.0064408892582590305,4
IH0,long,2018-01-02,2018-02-08,2918.4,2936.0,0.006030701754385914,27
IH0,short,2018-04-17,2018-05-10,2633.2,2734.2,-0.0369395069855899,15
IH0,short,2018-05-24,2018-07-23,2649.0,2522.4,0.05019029495718352,41
IH0,short,2018-08-03,2018-08-28,2406.0,2508.0,-0.04066985645933019,17
IH0,short,2018-09-06,2018-09-20,2413.0,2491.0,-0.031312725812926545,10
IH0,short,2018-10-29,2018-11-05,2391.4,2511.0,-0.04763042612504975,5
IH0,short,2018-11-21,2018-12-05,2453.2,2490.0,-0.014779116465863495,10
IH0,short,2018-12-11,2019-01-15,2423.2,2375.8,0.019951174341274358,23
IH0,long,2019-04-02,2019-04-29,2894.6,2944.6,0.017273543840254257,18
IH0,long,2019-07-29,2019-08-05,2928.6,2787.0,-0.048350747797582416,5
IH0,long,2019-10-14,2019-11-13,3007.0,2969.8,-0.012371134020618513,22
IH0,long,2020-06-02,2020-07-28,2859.8,3175.6,0.11042730260857403,38
IH0,long,2020-08-18,2020-09-08,3361.4,3280.2,-0.024156601416076673,15
IH0,long,2020-11-06,2020-12-15,3354.8,3472.2,0.03499463455347551,27
IH0,long,2020-12-30,2021-02-01,3575.8,3741.0,0.0461994518709099,22
IH0,long,2021-02-09,2021-03-02,3940.0,3709.4,-0.05852791878172592,10
IH0,short,2021-04-15,2021-05-18,3436.4,3536.0,-0.02816742081447965,20
IH0,short,2021-07-26,2021-09-03,3220.4,3175.0,0.014299212598425148,29
IH0,short,2022-02-24,2022-04-01,3066.6,2940.6,0.04284839828606413,26
IH0,short,2022-04-21,2022-05-31,2801.2,2797.4,0.0013584042325014423,25
IH0,short,2022-08-24,2022-09-14,2708.2,2749.8,-0.015128372972579962,14
IH0,short,2022-09-19,2022-11-08,2681.8,2460.8,0.08980819245773741,31
IH0,long,2023-01-06,2023-02-08,2719.4,2734.0,0.005368831359858772,18
IH0,short,2023-04-24,2023-05-05,2624.4,2686.8,-0.023224653863331834,6
IH0,short,2023-06-26,2023-07-17,2465.4,2512.6,-0.018785321977234704,15
IH0,short,2023-09-15,2023-11-07,2516.4,2449.0,0.027521437321355702,31
IH0,short,2023-11-27,2024-01-02,2373.8,2294.0,0.03478639930252836,25
IH0,short,2024-01-10,2024-01-26,2235.4,2315.8,-0.03471802400898183,12
IH0,long,2024-04-18,2024-05-28,2448.6,2480.0,0.012823654333088408,25
IH0,short,2024-07-05,2024-07-15,2352.8,2406.6,-0.02235518989445684,6
IH0,short,2024-07-26,2024-08-27,2352.2,2350.0,0.0009361702127659299,22
IH0,short,2024-09-02,2024-09-26,2299.6,2522.8,-0.08847312509909633,16
IH0,long,2024-12-18,2025-01-06,2669.6,2580.2,-0.03348816302067725,12
IH0,short,2025-02-05,2025-02-10,2559.0,2626.0,-0.025514089870525503,3
IH0,long,2025-03-07,2025-04-01,2681.6,2661.8,-0.007383651551312598,17
IH0,long,2025-08-14,2025-09-22,2829.6,2923.0,0.03300819903873342,27
IH0,long,2025-10-09,2025-11-18,3026.0,2997.6,-0.009385327164573742,28
IH0,short,2025-12-16,2025-12-19,2951.4,3006.4,-0.018294305481639128,3
IH0,long,2026-02-11,2026-02-25,3091.4,3058.2,-0.010739470789933425,4
IM0,long,2022-12-05,2022-12-15,6703.0,6600.6,-0.015276741757421997,8
IM0,short,2023-08-10,2023-09-06,6424.6,6178.8,0.03978118728555713,19
IM0,short,2023-09-21,2023-11-01,5941.8,5936.2,0.0009433644418990195,23
IM0,short,2024-01-05,2024-02-22,5664.8,5122.4,0.10588786506325176,28
IM0,short,2024-07-24,2024-08-02,4570.2,4792.8,-0.04644466700050087,7
IM0,short,2024-08-16,2024-09-26,4606.2,4937.4,-0.06707983959168795,27
IM0,long,2024-11-06,2024-11-19,6268.2,6093.0,-0.02795060782999903,9
IM0,long,2024-12-10,2024-12-25,6358.2,6001.8,-0.05605360007549298,11
IM0,long,2025-03-06,2025-03-24,6475.8,6142.8,-0.0514222181043269,12
IM0,long,2025-05-29,2025-06-23,6031.0,5851.2,-0.029812634720610243,16
IM0,long,2025-06-27,2025-09-22,6110.8,7230.2,0.18318387117889623,61
IM0,long,2025-10-09,2025-10-16,7449.6,7205.0,-0.03283397766323026,5
IM0,long,2025-10-28,2025-11-20,7335.6,7263.6,-0.009815148045149713,17
IM0,long,2026-02-27,2026-03-05,8531.4,8130.0,-0.04704972220268655,4
JD0,short,2014-02-27,2014-03-05,3693.0,3870.0,-0.045736434108527124,4
JD0,long,2014-04-23,2014-05-28,4910.0,5024.0,0.02321792260692468,24
JD0,long,2014-06-13,2014-07-24,5149.0,5283.0,0.026024470771023545,29
JD0,short,2014-09-05,2014-09-30,4462.0,4642.0,-0.03877638948729001,16
JD0,short,2015-03-10,2015-04-03,4120.0,4324.0,-0.04717853839037933,18
JD0,short,2015-06-30,2015-07-14,3969.0,4198.0,-0.054549785612196255,10
JD0,short,2015-09-22,2015-11-05,3815.0,3761.0,0.014357883541611383,28
JD0,short,2015-11-19,2015-11-24,3688.0,3779.0,-0.024080444562053493,3
JD0,short,2015-11-26,2015-12-23,3230.0,3272.0,-0.012836185819070867,19
JD0,short,2016-02-15,2016-03-11,3095.0,3131.0,-0.011497923985946956,19
JD0,long,2016-04-06,2016-05-10,3756.0,3898.0,0.037806176783812484,23
JD0,long,2016-05-30,2016-06-03,3989.0,3844.0,-0.03634996239659061,4
JD0,long,2016-06-07,2016-06-22,3960.0,3831.0,-0.03257575757575759,9
JD0,short,2016-09-28,2016-10-14,3259.0,3420.0,-0.04707602339181283,7
JD0,long,2016-11-07,2016-11-28,3640.0,3627.0,-0.0035714285714285587,15
JD0,short,2017-02-03,2017-02-28,3299.0,3328.0,-0.00871394230769229,17
JD0,short,2017-03-08,2017-03-22,3218.0,3294.0,-0.023072252580449315,10
JD0,short,2017-03-30,2017-04-14,3148.0,3867.0,-0.18593224722006718,9
JD0,long,2017-08-02,2017-08-29,4107.0,4337.0,0.05600194789383983,19
JD0,short,2017-10-09,2017-10-12,3652.0,4251.0,-0.14090802164196659,3
JD0,long,2017-11-06,2017-12-05,4346.0,3936.0,-0.09433962264150941,21
JD0,short,2018-03-07,2018-04-10,3658.0,4013.0,-0.08846249688512331,22
JD0,long,2018-06-20,2018-07-05,4235.0,4130.0,-0.024793388429752095,11
JD0,short,2018-08-06,2018-09-17,3773.0,3949.0,-0.04456824512534818,30
JD0,long,2019-04-04,2019-06-25,4209.0,4325.0,0.02755999049655511,52
JD0,long,2019-07-04,2019-07-30,4502.0,4440.0,-0.013771657041315,18
JD0,long,2019-10-16,2019-11-13,4489.0,4530.0,0.009133437291156232,20
JD0,short,2020-02-12,2020-02-21,3256.0,3560.0,-0.08539325842696632,7
JD0,short,2020-06-12,2020-06-18,2853.0,3857.0,-0.2603059372569354,4
JD0,long,2020-07-24,2020-08-06,4261.0,3957.0,-0.07134475475240554,9
JD0,long,2021-01-07,2021-01-26,4318.0,4328.0,0.0023158869847150765,13
JD0,long,2021-02-18,2021-03-03,4629.0,4455.0,-0.0375891121192482,9
JD0,short,2021-07-30,2021-09-17,4560.0,4412.0,0.03354487760652769,35
JD0,long,2021-11-16,2021-11-29,4598.0,4424.0,-0.03784254023488476,9
JD0,short,2022-01-19,2022-01-26,4028.0,4138.0,-0.02658289028516192,5
JD0,long,2022-03-29,2022-04-01,4367.0,4306.0,-0.013968399358827543,3
JD0,long,2022-04-07,2022-05-10,4893.0,4702.0,-0.039035356631923146,20
JD0,short,2022-08-01,2022-08-25,4180.0,4152.0,0.00674373795761074,18
JD0,short,2022-11-18,2022-11-23,4256.0,4389.0,-0.030303030303030276,3
JD0,long,2022-12-05,2022-12-14,4494.0,4275.0,-0.048731642189586144,7
JD0,long,2023-02-24,2023-03-22,4430.0,4356.0,-0.01670428893905196,18
JD0,short,2023-04-14,2023-04-19,4237.0,4367.0,-0.029768719945042377,3
JD0,short,2023-04-24,2023-06-21,4262.0,4142.0,0.02897151134717535,39
JD0,long,2023-07-21,2023-08-16,4247.0,4172.0,-0.01765952437014362,18
JD0,short,2024-01-10,2024-02-23,3354.0,3520.0,-0.04715909090909087,26
JD0,long,2024-06-27,2024-07-18,4033.0,3958.0,-0.018596578229605698,15
JD0,short,2024-08-22,2024-10-22,3598.0,3556.0,0.011811023622047223,36
JD0,short,2025-02-19,2025-04-16,3197.0,3078.0,0.038661468486029804,39
JD0,short,2025-04-30,2025-05-13,2942.0,3021.0,-0.02615028136378683,6
JD0,short,2025-05-26,2025-06-05,2943.0,3571.0,-0.1758611033323999,7
JD0,short,2025-10-09,2025-10-27,2871.0,3134.0,-0.08391831525207405,12
JM0,short,2013-12-09,2014-02-19,1109.0,943.0,0.176033934252386,45
JM0,short,2014-03-05,2014-04-08,892.0,894.0,-0.0022371364653244186,21
JM0,short,2014-04-21,2014-05-14,826.0,847.0,-0.024793388429752095,16
JM0,short,2014-05-16,2014-06-09,811.0,829.0,-0.021712907117008462,15
JM0,short,2014-06-13,2014-07-29,814.0,800.0,0.01750000000000007,32
JM0,short,2014-09-22,2014-10-13,771.0,815.0,-0.053987730061349715,9
JM0,short,2014-11-19,2014-12-12,752.0,775.0,-0.029677419354838697,17
JM0,short,2014-12-19,2015-02-04,756.0,733.0,0.03137789904502042,31
JM0,short,2015-03-03,2015-05-06,729.0,682.0,0.06891495601173014,44
JM0,short,2015-05-20,2015-05-25,664.0,680.0,-0.02352941176470591,3
JM0,short,2015-08-24,2015-09-18,576.0,586.0,-0.017064846416382284,18
JM0,short,2015-09-30,2015-11-17,571.0,571.0,0.0,29
JM0,short,2015-11-19,2015-12-21,542.0,546.0,-0.0073260073260073,22
JM0,long,2016-01-26,2016-03-30,551.0,609.0,0.10526315789473695,41
JM0,long,2016-04-01,2016-05-09,656.0,664.0,0.012195121951219523,23
JM0,long,2016-07-27,2016-09-14,753.5,866.5,0.1499668214996681,35
JM0,long,2016-09-23,2016-12-01,943.0,1306.5,0.3854718981972429,44
JM0,long,2017-04-06,2017-04-11,1343.0,1216.0,-0.09456440804169775,3
JM0,short,2017-05-04,2017-06-21,1050.0,1030.0,0.01941747572815533,32
JM0,long,2017-08-17,2017-09-08,1456.0,1409.0,-0.03228021978021978,16
JM0,long,2017-12-20,2017-12-27,1378.0,1292.5,-0.062046444121915845,5
JM0,long,2018-01-08,2018-01-16,1390.5,1277.5,-0.08126573175116869,6
JM0,short,2018-04-11,2018-05-04,1150.0,1218.0,-0.05582922824302139,15
JM0,long,2018-09-10,2018-11-08,1320.0,1358.0,0.028787878787878807,37
JM0,long,2019-05-21,2019-06-18,1403.5,1389.0,-0.010331314570716121,19
JM0,long,2019-08-09,2019-08-23,1416.0,1328.5,-0.06179378531073443,10
JM0,short,2019-09-23,2019-10-28,1300.0,1248.0,0.04166666666666674,20
JM0,short,2019-11-29,2019-12-18,1227.0,1244.0,-0.013665594855305496,13
JM0,short,2019-12-20,2020-01-10,1184.0,1208.0,-0.019867549668874163,14
JM0,long,2020-02-06,2020-03-09,1230.5,1253.0,0.01828524989841518,22
JM0,long,2020-07-09,2020-08-12,1218.0,1197.5,-0.016830870279146093,24
JM0,long,2020-08-24,2020-09-28,1218.0,1264.5,0.03817733990147776,25
JM0,long,2020-10-09,2020-11-06,1321.0,1304.0,-0.012869038607115857,20
JM0,long,2020-11-13,2020-11-18,1369.0,1321.5,-0.03469685902118336,3
JM0,long,2020-11-24,2021-01-21,1405.5,1653.5,0.17644966204197798,41
JM0,short,2021-02-23,2021-03-18,1461.5,1587.5,-0.07937007874015745,17
JM0,long,2021-06-11,2021-07-08,1982.5,1830.5,-0.07667087011349305,18
JM0,long,2021-07-16,2021-08-16,2035.0,2180.0,0.07125307125307123,21
JM0,long,2021-08-24,2021-10-25,2465.0,2970.5,0.2050709939148072,37
JM0,long,2022-02-08,2022-04-21,2470.0,3063.0,0.24008097165991904,50
JM0,short,2022-06-17,2022-08-01,2576.5,2162.5,0.19144508670520222,31
JM0,short,2022-08-19,2022-09-15,1871.5,2012.5,-0.07006211180124222,18
JM0,long,2023-08-23,2023-10-12,1521.0,1744.5,0.1469428007889546,30
JM0,long,2023-10-30,2023-12-06,1839.0,2018.0,0.0973355084284937,27
JM0,short,2024-01-31,2024-02-29,1704.0,1791.5,-0.04884175272118341,15
JM0,short,2024-03-11,2024-04-15,1670.5,1740.0,-0.0399425287356322,23
JM0,long,2024-05-24,2024-05-29,1814.0,1726.0,-0.048511576626240394,3
JM0,short,2024-07-10,2024-08-29,1531.0,1387.0,0.10382119682768565,36
JM0,short,2024-09-04,2024-09-26,1256.5,1362.0,-0.07745961820851688,14
JM0,short,2025-01-09,2025-06-18,1097.0,790.5,0.38772928526249206,103
JM0,long,2025-09-16,2025-10-09,1240.5,1164.0,-0.061668681983071294,11
JM0,long,2025-10-22,2025-11-13,1209.5,1214.0,0.003720545680033105,16
JM0,short,2025-12-11,2025-12-22,1035.0,1114.0,-0.07091561938958713,7
L0,long,2007-11-27,2007-12-18,13750.0,13590.0,-0.011636363636363667,15
L0,long,2008-01-04,2008-01-31,13845.0,13870.0,0.0018057060310581186,18
L0,long,2008-02-13,2008-03-20,14070.0,14065.0,-0.0003553660270078085,26
L0,long,2008-05-27,2008-06-24,14870.0,14925.0,0.0036987222595830094,20
L0,short,2008-09-03,2008-11-19,12695.0,6805.0,0.8655400440852314,50
L0,long,2009-05-08,2009-05-25,9915.0,9325.0,-0.05950579929399902,11
L0,long,2009-06-04,2009-06-25,9775.0,9835.0,0.006138107416879812,15
L0,long,2009-07-03,2009-08-21,10175.0,11095.0,0.09041769041769032,35
L0,long,2009-12-18,2010-01-15,12075.0,11840.0,-0.01946169772256734,19
L0,short,2010-06-02,2010-07-26,10015.0,9805.0,0.021417644059153584,35
L0,long,2010-09-07,2010-09-17,10700.0,10460.0,-0.02242990654205612,8
L0,long,2010-09-28,2010-11-24,10685.0,11765.0,0.1010762751520824,37
L0,short,2011-04-01,2011-04-12,11485.0,12000.0,-0.042916666666666714,5
L0,short,2011-06-27,2011-07-04,10305.0,11060.0,-0.06826401446654606,5
L0,short,2011-09-19,2011-10-28,10180.0,9550.0,0.06596858638743464,24
L0,long,2012-03-02,2012-04-05,10530.0,10670.0,0.013295346628680038,21
L0,short,2012-06-04,2012-06-29,9310.0,9710.0,-0.0411946446961895,18
L0,long,2012-09-03,2012-10-10,10200.0,10425.0,0.022058823529411686,22
L0,long,2013-01-29,2013-02-25,10990.0,11025.0,0.0031847133757962887,14
L0,short,2013-03-26,2013-05-08,10435.0,10155.0,0.027572624322993677,26
L0,long,2013-07-12,2013-08-16,10535.0,10655.0,0.011390602752729073,25
L0,long,2013-08-27,2013-09-18,10945.0,10740.0,-0.018730013704888027,16
L0,long,2013-09-30,2013-11-08,10960.0,11230.0,0.02463503649635035,24
L0,short,2014-02-10,2014-03-26,10835.0,10715.0,0.011199253383107788,30
L0,long,2014-05-07,2014-05-20,11300.0,11055.0,-0.021681415929203585,9
L0,long,2014-05-23,2014-07-14,11390.0,11850.0,0.04038630377524144,35
L0,short,2014-09-11,2014-10-30,10600.0,10225.0,0.03667481662591676,29
L0,short,2014-11-18,2015-01-06,9860.0,8445.0,0.16755476613380704,33
L0,long,2015-03-26,2015-04-14,9675.0,9390.0,-0.029457364341085257,12
L0,long,2015-04-21,2015-05-11,9870.0,9680.0,-0.019250253292806496,13
L0,short,2015-08-24,2015-09-01,8155.0,8625.0,-0.054492753623188395,6
L0,short,2015-09-18,2015-10-12,8375.0,8630.0,-0.029548088064889955,12
L0,short,2015-10-20,2015-12-22,8395.0,7820.0,0.07352941176470584,45
L0,long,2016-01-19,2016-03-29,8275.0,8435.0,0.01933534743202414,45
L0,short,2016-05-27,2016-06-07,7835.0,8145.0,-0.03806015960712095,7
L0,long,2016-08-05,2016-08-31,9085.0,8795.0,-0.03192074848651627,18
L0,long,2016-12-06,2016-12-22,9920.0,9890.0,-0.003024193548387122,12
L0,long,2017-02-13,2017-02-17,10605.0,9885.0,-0.0678925035360679,4
L0,short,2017-04-13,2017-05-15,9040.0,9060.0,-0.002207505518763808,21
L0,long,2017-08-08,2017-08-15,9780.0,9450.0,-0.033742331288343586,5
L0,long,2017-08-22,2017-09-15,10040.0,9750.0,-0.028884462151394397,18
L0,long,2017-11-22,2017-11-29,9825.0,9435.0,-0.03969465648854964,5
L0,short,2018-03-08,2018-04-11,9305.0,9300.0,0.0005376344086021057,22
L0,short,2018-06-15,2018-07-03,9210.0,9250.0,-0.00432432432432428,11
L0,long,2019-01-30,2019-02-13,8735.0,8490.0,-0.02804808242701773,5
L0,long,2019-02-21,2019-03-18,8690.0,8325.0,-0.042002301495972394,17
L0,short,2019-04-19,2019-06-24,8330.0,7835.0,0.0631780472239949,41
L0,short,2020-03-09,2020-04-14,6615.0,6180.0,0.07038834951456319,25
L0,long,2020-06-16,2020-07-23,6850.0,7025.0,0.025547445255474477,25
L0,long,2020-08-20,2020-09-21,7250.0,7425.0,0.024137931034482696,22
L0,short,2021-05-18,2021-06-22,8065.0,7935.0,0.016383112791430454,24
L0,long,2021-08-13,2021-08-23,8355.0,8175.0,-0.021543985637342944,6
L0,short,2021-11-29,2021-12-30,8600.0,8596.0,0.0004653327128896212,23
L0,long,2022-03-29,2022-04-07,9310.0,9048.0,-0.028141783029001055,5
L0,short,2022-05-19,2022-05-30,8582.0,8874.0,-0.03290511606941626,7
L0,short,2022-08-17,2022-09-05,7608.0,7966.0,-0.04494099924679884,13
L0,long,2022-10-10,2022-10-17,8365.0,7809.0,-0.06646742378959947,5
L0,long,2023-01-13,2023-02-08,8268.0,8168.0,-0.012094823415578104,13
L0,long,2023-02-21,2023-03-10,8370.0,8184.0,-0.022222222222222254,13
L0,long,2023-08-21,2023-09-25,8352.0,8258.0,-0.011254789272030608,25
L0,short,2023-11-14,2023-11-17,8059.0,8161.0,-0.012498468324960155,3
L0,short,2023-11-21,2023-12-12,7966.0,8068.0,-0.012642538423401128,15
L0,long,2024-01-19,2024-02-05,8203.0,8095.0,-0.013165914909179621,11
L0,long,2024-02-27,2024-03-07,8257.0,8149.0,-0.013079811069395708,7
L0,long,2024-03-15,2024-03-27,8280.0,8183.0,-0.011714975845410591,8
L0,long,2024-04-02,2024-06-05,8293.0,8488.0,0.023513806825033123,41
L0,long,2024-07-02,2024-07-09,8655.0,8443.0,-0.02449451184286544,5
L0,short,2024-08-16,2024-10-08,8028.0,8293.0,-0.03195466055709639,30
L0,short,2025-03-12,2025-05-15,7801.0,7298.0,0.06892299260071244,42
L0,short,2025-05-28,2025-06-16,6972.0,7338.0,-0.04987735077677846,12
L0,long,2025-07-22,2025-09-02,7368.0,7252.0,-0.01574375678610207,30
L0,short,2025-10-09,2025-12-03,7077.0,6808.0,0.03951233842538193,39
L0,short,2025-12-08,2026-01-08,6643.0,6628.0,0.002263126131563098,21
L0,long,2026-03-03,2026-04-10,7200.0,8398.0,0.16638888888888892,27
L0,long,2026-04-30,2026-05-11,8452.0,8177.0,-0.03253667770941793,4
M0,long,2005-06-15,2005-06-30,2752.0,2649.0,-0.03742732558139539,11
M0,short,2005-09-14,2005-10-17,2435.0,2549.0,-0.04472342094939197,18
M0,short,2005-10-24,2005-12-14,2366.0,2303.0,0.02735562310030404,37
M0,short,2006-02-08,2006-02-13,2272.0,2366.0,-0.03972950126796282,3
M0,short,2006-04-04,2006-04-28,2237.0,2313.0,-0.03285776048421962,18
M0,long,2006-06-07,2006-06-21,2366.0,2326.0,-0.01690617075232459,10
M0,short,2006-09-12,2006-10-12,2224.0,2228.0,-0.0017953321364452268,17
M0,long,2006-11-20,2006-12-01,2503.0,2389.0,-0.04554534558529766,9
M0,long,2007-02-26,2007-03-16,2769.0,2648.0,-0.04369808595160707,14
M0,long,2007-10-29,2007-11-27,3346.0,3317.0,-0.008667065152420772,21
M0,long,2008-06-06,2008-07-09,3871.0,3940.0,0.017824851459571134,23
M0,short,2008-09-08,2008-12-24,3435.0,2322.0,0.47932816537467704,72
M0,long,2009-02-06,2009-02-18,2810.0,2548.0,-0.09323843416370103,8
M0,long,2009-05-06,2009-06-16,2876.0,2918.0,0.014603616133518793,27
M0,long,2009-07-02,2009-07-08,2949.0,2767.0,-0.06171583587656837,4
M0,short,2009-07-29,2009-08-03,2788.0,3019.0,-0.07651540245114274,3
M0,long,2009-08-28,2009-09-02,2941.0,2764.0,-0.06018361101666103,3
M0,short,2009-09-24,2009-10-13,2709.0,2822.0,-0.040042523033309685,7
M0,long,2010-01-04,2010-01-12,3033.0,2955.0,-0.02571711177052427,6
M0,short,2010-03-12,2010-03-23,2749.0,2827.0,-0.027591085956844674,7
M0,long,2010-07-30,2010-08-24,2952.0,2967.0,0.005081300813008172,17
M0,long,2010-09-06,2010-11-16,3057.0,3347.0,0.0948642459928033,45
M0,long,2011-01-13,2011-02-17,3456.0,3438.0,-0.00520833333333337,20
M0,short,2011-11-11,2011-12-19,2890.0,2869.0,0.007319623562216826,25
M0,long,2012-02-01,2012-05-10,2970.0,3265.0,0.09932659932659926,66
M0,short,2012-06-04,2012-06-08,3082.0,3223.0,-0.043748060812907275,4
M0,long,2012-08-22,2012-09-19,4134.0,4040.0,-0.022738268021286867,20
M0,short,2012-11-06,2012-12-07,3434.0,3398.0,0.01059446733372571,23
M0,short,2013-03-29,2013-05-03,3229.0,3193.0,0.011274663326025669,20
M0,long,2013-05-31,2013-06-07,3434.0,3233.0,-0.05853232382061735,5
M0,short,2013-07-08,2013-07-11,3140.0,3252.0,-0.03444034440344401,3
M0,long,2014-05-15,2014-06-10,3701.0,3485.0,-0.058362604701432064,17
M0,long,2014-06-23,2014-06-26,3735.0,3546.0,-0.050602409638554224,3
M0,short,2014-08-15,2014-08-21,3095.0,3270.0,-0.05351681957186549,4
M0,short,2014-08-27,2014-10-21,3058.0,2850.0,0.07298245614035093,33
M0,short,2014-12-22,2015-02-09,2865.0,2737.0,0.04676653270003661,33
M0,long,2015-03-12,2015-03-18,2839.0,2752.0,-0.030644593166607947,4
M0,short,2015-05-12,2015-06-26,2688.0,2604.0,0.032258064516129004,32
M0,long,2015-07-23,2015-07-29,2771.0,2681.0,-0.03247924936845903,4
M0,long,2015-08-11,2015-08-19,2810.0,2684.0,-0.04483985765124554,6
M0,short,2016-04-08,2016-04-13,2326.0,2445.0,-0.048670756646216784,3
M0,long,2016-05-11,2016-07-08,2774.0,3075.0,0.10850757029560198,40
M0,short,2016-09-27,2016-10-26,2841.0,2927.0,-0.02938161940553463,16
M0,short,2016-11-03,2016-11-09,2825.0,2897.0,-0.02485329651363477,4
M0,long,2017-03-06,2017-03-10,2962.0,2860.0,-0.03443619176232271,4
M0,short,2017-05-12,2017-06-20,2792.0,2711.0,0.02987827369974183,25
M0,long,2017-11-15,2017-12-01,2832.0,2800.0,-0.011299435028248594,12
M0,long,2017-12-06,2017-12-13,2912.0,2842.0,-0.024038461538461564,5
M0,long,2018-04-02,2018-05-08,3163.0,3089.0,-0.023395510591210922,22
M0,short,2018-06-08,2018-06-21,2893.0,3012.0,-0.039508632138114175,8
M0,long,2018-07-26,2018-08-22,3200.0,3201.0,0.00031249999999993783,19
M0,short,2018-11-26,2019-01-08,3040.0,2677.0,0.135599551737019,29
M0,short,2019-01-17,2019-02-13,2538.0,2620.0,-0.0312977099236641,14
M0,short,2019-02-22,2019-03-15,2546.0,2566.0,-0.0077942322681215925,15
M0,long,2019-05-09,2019-06-21,2690.0,2880.0,0.07063197026022294,30
M0,short,2020-01-10,2020-02-17,2666.0,2681.0,-0.005594927265945571,20
M0,long,2020-07-01,2020-08-06,2882.0,2873.0,-0.003122831367106227,26
M0,long,2020-08-25,2020-11-02,2919.0,3174.0,0.0873586844809866,43
M0,long,2020-11-24,2020-12-03,3236.0,3096.0,-0.04326328800988877,7
M0,long,2021-02-23,2021-03-02,3591.0,3351.0,-0.06683375104427736,5
M0,long,2021-08-17,2021-08-23,3637.0,3485.0,-0.04179268627990107,4
M0,short,2021-09-29,2021-11-18,3478.0,3213.0,0.08247743541861197,31
M0,short,2021-12-07,2021-12-24,3043.0,3263.0,-0.06742261722341403,13
M0,long,2022-01-21,2022-04-01,3270.0,3808.0,0.16452599388379197,45
M0,long,2022-06-09,2022-06-16,4186.0,4118.0,-0.01624462494027712,5
M0,short,2022-07-21,2022-07-28,3820.0,3962.0,-0.035840484603735456,5
M0,long,2022-10-14,2022-10-19,4163.0,3988.0,-0.04203699255344706,3
M0,long,2022-11-01,2022-11-21,4234.0,4139.0,-0.02243741143127065,14
M0,long,2022-11-25,2022-12-21,4303.0,3758.0,-0.12665582151986987,18
M0,short,2023-02-28,2023-05-16,3775.0,3548.0,0.06397970687711396,51
M0,short,2023-05-25,2023-06-07,3434.0,3478.0,-0.012650948821161578,9
M0,long,2023-08-10,2023-08-16,4488.0,3900.0,-0.13101604278074863,4
M0,short,2024-01-02,2024-02-29,3248.0,3021.0,0.07514068189341283,36
M0,long,2024-04-16,2024-05-31,3385.0,3495.0,0.03249630723781394,30
M0,short,2024-07-04,2024-08-30,3307.0,3027.0,0.09250082590023134,41
M0,short,2024-11-05,2024-11-08,2957.0,3013.0,-0.01858612678393623,3
M0,short,2024-11-15,2024-12-30,2814.0,2683.0,0.048825941110697046,31
M0,long,2025-02-21,2025-03-07,2945.0,2885.0,-0.02037351443123936,10
M0,long,2025-03-31,2025-04-29,2989.0,2964.0,-0.008364001338240223,20
M0,long,2025-08-05,2025-08-28,3065.0,3039.0,-0.008482871125611746,17
M0,short,2026-02-05,2026-02-13,2731.0,2800.0,-0.02464285714285719,6
M0,long,2026-04-22,2026-05-25,3026.0,2973.0,-0.01751487111698613,20
MA0,long,2015-04-17,2015-05-12,2554.0,2503.0,-0.019968676585747858,16
MA0,short,2015-06-11,2015-06-17,2439.0,2517.0,-0.030989272943980906,4
MA0,short,2015-08-25,2015-09-21,1902.0,1950.0,-0.024615384615384595,17
MA0,short,2015-10-21,2015-12-24,1919.0,1712.0,0.12091121495327095,46
MA0,long,2016-03-07,2016-03-30,1890.0,1882.0,-0.004232804232804255,17
MA0,long,2016-04-14,2016-05-10,1980.0,1938.0,-0.021212121212121238,17
MA0,long,2016-09-29,2017-01-06,2100.0,2646.0,0.26,65
MA0,long,2017-01-18,2017-03-02,2838.0,2857.0,0.006694855532064725,26
MA0,short,2017-04-13,2017-05-23,2468.0,2380.0,0.03697478991596648,27
MA0,short,2017-06-05,2017-06-08,2253.0,2337.0,-0.03594351732991019,3
MA0,short,2017-06-28,2017-07-03,2287.0,2404.0,-0.04866888519134771,3
MA0,long,2017-08-07,2017-09-19,2598.0,2769.0,0.06581986143187057,31
MA0,long,2017-12-04,2017-12-13,3087.0,2944.0,-0.04632329122125045,7
MA0,short,2018-03-28,2018-04-11,2686.0,2729.0,-0.015756687431293548,8
MA0,short,2018-04-12,2018-05-04,2637.0,2759.0,-0.04421891989851401,14
MA0,long,2018-06-08,2018-06-25,2802.0,2744.0,-0.020699500356887945,10
MA0,long,2018-06-29,2018-09-04,2839.0,3244.0,0.14265586474110603,47
MA0,long,2018-10-09,2018-10-29,3422.0,3072.0,-0.10227936879018118,14
MA0,short,2019-01-29,2019-02-11,2438.0,2532.0,-0.03712480252764616,4
MA0,short,2019-04-19,2019-05-20,2439.0,2508.0,-0.027511961722488043,16
MA0,short,2019-05-31,2019-06-24,2405.0,2404.0,0.0004159733777038266,15
MA0,short,2019-06-28,2019-08-12,2272.0,2134.0,0.06466729147141526,30
MA0,short,2020-05-22,2020-06-05,1682.0,1757.0,-0.04268639726807055,10
MA0,short,2020-06-15,2020-06-23,1682.0,1766.0,-0.047565118912797244,6
MA0,long,2020-09-17,2020-09-24,2092.0,1996.0,-0.04588910133843216,5
MA0,long,2020-10-21,2020-12-08,2110.0,2227.0,0.055450236966824606,34
MA0,long,2020-12-11,2020-12-30,2435.0,2366.0,-0.028336755646817258,13
MA0,long,2021-07-30,2021-08-05,2769.0,2619.0,-0.054171180931744334,4
MA0,long,2021-08-16,2021-10-22,2847.0,3263.0,0.1461187214611872,42
MA0,short,2021-12-31,2022-01-10,2478.0,2614.0,-0.0520275439938791,5
MA0,long,2022-02-28,2022-03-17,2895.0,2928.0,0.011398963730570033,13
MA0,short,2022-08-17,2022-08-24,2412.0,2529.0,-0.0462633451957295,5
MA0,long,2022-09-29,2022-10-17,2815.0,2667.0,-0.05257548845470694,7
MA0,short,2022-12-06,2022-12-16,2502.0,2567.0,-0.025321386832878878,8
MA0,short,2022-12-23,2022-12-29,2495.0,2568.0,-0.028426791277258556,4
MA0,short,2023-03-06,2023-06-20,2602.0,2080.0,0.25096153846153846,72
MA0,long,2023-07-28,2023-09-25,2298.0,2480.0,0.0791993037423846,41
MA0,short,2024-01-03,2024-01-24,2404.0,2439.0,-0.014350143501435042,15
MA0,long,2024-03-15,2024-03-27,2565.0,2485.0,-0.031189083820662766,8
MA0,long,2024-04-17,2024-04-25,2527.0,2494.0,-0.013058963197467355,6
MA0,long,2024-04-30,2024-06-05,2558.0,2573.0,0.005863956215793609,23
MA0,short,2024-07-18,2024-08-22,2525.0,2507.0,0.007179896290386845,25
MA0,short,2024-09-04,2024-09-30,2408.0,2525.0,-0.04633663366336638,16
MA0,long,2024-12-12,2025-01-08,2631.0,2601.0,-0.011402508551881407,18
MA0,short,2025-03-12,2025-05-15,2526.0,2320.0,0.08879310344827585,42
MA0,short,2025-05-28,2025-06-06,2206.0,2264.0,-0.025618374558303847,6
MA0,long,2025-07-22,2025-08-04,2457.0,2390.0,-0.027269027269027246,9
MA0,long,2025-08-12,2025-08-19,2496.0,2391.0,-0.04206730769230771,5
MA0,short,2025-09-12,2025-11-28,2379.0,2135.0,0.11428571428571432,49
MA0,long,2026-01-26,2026-02-09,2347.0,2231.0,-0.049424797613975335,10
MA0,long,2026-03-02,2026-04-16,2365.0,2908.0,0.22959830866807618,32
NI0,short,2015-08-24,2015-09-14,76800.0,78260.0,-0.018655762841809365,14
NI0,short,2016-01-07,2016-01-20,67480.0,69470.0,-0.028645458471282526,9
NI0,short,2016-02-15,2016-03-04,66320.0,71350.0,-0.07049754730203228,14
NI0,long,2016-08-02,2016-08-17,85180.0,81170.0,-0.047076778586522705,11
NI0,long,2016-10-28,2016-12-21,82570.0,92660.0,0.1221993460094466,38
NI0,short,2017-01-20,2017-02-08,81780.0,86810.0,-0.05794263333717309,8
NI0,short,2017-04-14,2017-06-22,80680.0,73840.0,0.09263271939328277,46
NI0,short,2017-07-10,2017-07-14,73550.0,76640.0,-0.04031837160751561,4
NI0,long,2017-08-17,2017-09-13,87940.0,92370.0,0.050375255856265566,19
NI0,long,2018-01-25,2018-02-12,104740.0,99820.0,-0.046973458086690845,12
NI0,long,2018-02-26,2018-03-06,105470.0,102410.0,-0.029012989475680317,6
NI0,long,2018-05-08,2018-05-11,105160.0,103920.0,-0.011791555724610103,3
NI0,long,2018-05-15,2018-07-06,107150.0,110980.0,0.03574428371441907,37
NI0,short,2018-10-18,2019-01-08,101140.0,90830.0,0.11350875261477489,56
NI0,long,2019-04-03,2019-04-19,103770.0,99230.0,-0.04375060229353378,11
NI0,short,2019-06-05,2019-06-17,96350.0,99430.0,-0.030976566428643215,7
NI0,long,2019-08-05,2019-09-27,118010.0,137970.0,0.1691382086263875,38
NI0,short,2020-01-21,2020-04-10,107480.0,97310.0,0.10451135546192591,51
NI0,long,2020-05-20,2020-05-26,102580.0,101020.0,-0.015207642815363576,4
NI0,long,2020-06-02,2020-06-15,103210.0,100290.0,-0.028291832186803645,9
NI0,long,2020-06-19,2020-06-24,104200.0,101640.0,-0.0245681381957773,3
NI0,long,2020-07-03,2020-09-11,105840.0,116150.0,0.09741118669690096,50
NI0,long,2020-11-16,2020-11-19,120240.0,116470.0,-0.031353958749168354,3
NI0,long,2020-11-24,2021-02-04,121200.0,130500.0,0.0767326732673268,51
NI0,long,2021-02-10,2021-03-08,136220.0,122070.0,-0.1038760828072236,13
NI0,short,2021-04-22,2021-04-28,119780.0,127330.0,-0.059294745935757454,4
NI0,long,2021-05-31,2021-06-18,132890.0,128300.0,-0.03453984498457374,13
NI0,long,2021-06-24,2021-08-11,134820.0,140370.0,0.041165999109924245,34
NI0,long,2021-08-31,2021-09-22,148850.0,144030.0,-0.03238159220691972,14
NI0,long,2022-02-14,2022-04-06,176520.0,223300.0,0.265012463176977,34
NI0,long,2022-04-19,2022-05-09,239830.0,209210.0,-0.12767376891965143,11
NI0,short,2022-07-15,2022-07-25,143430.0,170680.0,-0.15965549566440118,6
NI0,short,2022-08-29,2022-09-08,165060.0,175020.0,-0.05690778196777513,8
NI0,long,2022-10-25,2023-01-09,189160.0,212110.0,0.12132586170437731,53
NI0,short,2023-04-27,2023-06-16,179420.0,173320.0,0.03519501500115396,33
NI0,short,2023-06-29,2023-07-13,155190.0,166890.0,-0.07010605788243751,10
NI0,long,2023-09-04,2023-09-12,170710.0,162170.0,-0.050026360494405675,6
NI0,short,2023-10-31,2023-12-12,143580.0,131800.0,0.08937784522003045,30
NI0,short,2023-12-29,2024-01-25,125210.0,129720.0,-0.03476719087264879,18
NI0,short,2024-02-02,2024-02-23,126430.0,135620.0,-0.06776286683380028,9
NI0,long,2024-05-16,2024-06-05,146620.0,142000.0,-0.031510025917337314,14
NI0,short,2024-07-17,2024-08-21,131810.0,131550.0,0.0019764348156594558,25
NI0,short,2024-09-04,2024-09-26,125500.0,128540.0,-0.023650225610704845,14
NI0,short,2024-11-15,2024-11-27,123140.0,126520.0,-0.02671514385077456,8
NI0,short,2024-12-27,2025-01-10,124800.0,125480.0,-0.005419190309212674,9
NI0,long,2025-02-10,2025-02-13,127680.0,124280.0,-0.026629072681704224,3
NI0,short,2025-02-25,2025-03-03,124350.0,127090.0,-0.021559524746242786,4
NI0,short,2025-06-12,2025-06-30,120000.0,120830.0,-0.0068691550111726896,12
NI0,long,2025-08-12,2025-08-18,122440.0,120460.0,-0.01617118588696509,4
NI0,long,2025-09-15,2025-09-24,122580.0,121450.0,-0.009218469570892451,7
NI0,long,2025-09-25,2025-09-30,122990.0,120900.0,-0.01699325148386044,3
NI0,long,2025-10-09,2025-10-15,124480.0,121330.0,-0.02530526992287918,4
NI0,short,2025-12-15,2025-12-23,114690.0,123440.0,-0.07088464031108233,6
NI0,long,2026-01-23,2026-02-03,148360.0,135430.0,-0.0871528713939067,7
NI0,long,2026-02-27,2026-03-05,141560.0,136270.0,-0.037369313365357426,4
NI0,short,2026-04-02,2026-04-15,133730.0,141400.0,-0.05424328147100421,8
OI0,long,2007-09-10,2007-12-10,9304.0,10482.0,0.12661220980223553,60
OI0,long,2007-12-25,2008-01-15,10782.0,10700.0,-0.0076052680393248195,15
OI0,long,2008-01-16,2008-03-12,11450.0,13020.0,0.1371179039301309,34
OI0,short,2008-09-09,2008-11-05,8838.0,6904.0,0.280127462340672,36
OI0,short,2008-12-04,2008-12-24,6038.0,6150.0,-0.018211382113821117,14
OI0,long,2009-02-04,2009-02-20,6880.0,6760.0,-0.01744186046511631,12
OI0,long,2009-04-23,2009-06-22,7462.0,7668.0,0.027606539801661834,40
OI0,long,2009-08-26,2009-09-02,7834.0,7618.0,-0.027572121521572623,5
OI0,long,2009-11-12,2009-12-23,8066.0,8300.0,0.02901066203818492,29
OI0,long,2010-01-04,2010-01-14,8624.0,8184.0,-0.05102040816326525,8
OI0,long,2010-04-26,2010-05-10,8446.0,8270.0,-0.020838266635093583,9
OI0,long,2010-07-09,2010-08-24,8256.0,8532.0,0.03343023255813948,32
OI0,long,2010-09-06,2010-11-18,8818.0,9558.0,0.08391925606713535,47
OI0,long,2010-12-06,2011-01-27,9880.0,10670.0,0.07995951417004044,37
OI0,long,2011-02-11,2011-02-18,11064.0,10566.0,-0.04501084598698479,5
OI0,short,2011-03-08,2011-04-01,10400.0,10544.0,-0.01365705614567525,18
OI0,long,2011-08-03,2011-08-08,10620.0,10348.0,-0.025612052730696777,3
OI0,short,2011-10-20,2011-12-23,9682.0,9498.0,0.019372499473573335,45
OI0,short,2012-01-17,2012-02-06,9436.0,9716.0,-0.028818443804034533,9
OI0,long,2012-03-12,2012-05-15,9992.0,10484.0,0.04923939151321055,41
OI0,short,2012-06-13,2012-07-04,9944.0,10308.0,-0.03531237873496318,14
OI0,short,2012-10-31,2012-11-28,9830.0,9670.0,0.016546018614270963,20
OI0,long,2012-12-26,2013-02-07,9850.0,9898.0,0.004873096446700531,28
OI0,short,2013-07-26,2013-08-19,7518.0,7794.0,-0.03541185527328716,16
OI0,short,2013-09-13,2013-10-21,7586.0,7466.0,0.016072863648540103,19
OI0,short,2014-01-30,2014-02-14,6736.0,7006.0,-0.038538395660862146,6
OI0,short,2014-07-02,2014-09-17,6862.0,6172.0,0.11179520414776412,54
OI0,short,2014-09-30,2014-10-31,5952.0,6130.0,-0.02903752039151708,18
OI0,short,2015-03-13,2015-04-07,5854.0,5876.0,-0.0037440435670523797,16
OI0,short,2015-04-09,2015-04-15,5826.0,5930.0,-0.017537942664418216,4
OI0,long,2015-06-16,2015-07-09,6070.0,5890.0,-0.029654036243822124,15
OI0,short,2015-08-24,2015-10-13,5616.0,5798.0,-0.03139013452914796,28
OI0,short,2016-02-24,2016-03-09,5526.0,5660.0,-0.023674911660777398,10
OI0,long,2016-04-01,2016-05-23,5966.0,5856.0,-0.01843781428092528,33
OI0,long,2016-06-30,2016-07-26,6240.0,6264.0,0.0038461538461538325,18
OI0,long,2016-10-11,2016-11-16,6380.0,6842.0,0.07241379310344831,26
OI0,long,2016-11-23,2016-12-22,7072.0,7326.0,0.035916289592760275,21
OI0,short,2017-03-07,2017-03-22,6760.0,6778.0,-0.0026556506344054265,11
OI0,short,2017-03-28,2017-05-02,6520.0,6432.0,0.013681592039801016,22
OI0,short,2017-05-25,2017-06-16,6320.0,6376.0,-0.008782936010037656,14
OI0,long,2017-08-11,2017-09-12,6928.0,6914.0,-0.0020207852193995235,22
OI0,short,2017-10-19,2017-10-25,6586.0,6822.0,-0.03459396071533272,4
OI0,long,2017-11-22,2017-11-29,6866.0,6758.0,-0.015729682493445973,5
OI0,short,2018-01-17,2018-03-02,6452.0,6440.0,0.0018633540372670065,27
OI0,short,2018-03-09,2018-03-15,6236.0,6332.0,-0.01516108654453574,4
OI0,short,2018-07-13,2018-08-07,6437.0,6619.0,-0.027496600694969064,17
OI0,long,2018-09-10,2018-09-21,6763.0,6563.0,-0.02957267484844006,9
OI0,long,2018-10-09,2018-10-22,6805.0,6700.0,-0.01542983100661277,9
OI0,long,2019-02-19,2019-02-26,6779.0,6594.0,-0.027290160790677143,5
OI0,long,2019-03-04,2019-04-01,6876.0,6938.0,0.009016870273414801,20
OI0,long,2019-11-29,2019-12-12,7671.0,7381.0,-0.03780471907182892,9
OI0,long,2019-12-23,2020-01-23,7562.0,7587.0,0.0033060037027241584,22
OI0,short,2020-05-06,2020-05-15,6628.0,6806.0,-0.026153394064061142,7
OI0,long,2020-07-07,2020-08-20,7625.0,8578.0,0.12498360655737706,32
OI0,long,2020-09-15,2020-12-01,8795.0,9764.0,0.11017623649801034,49
OI0,long,2021-04-09,2021-04-20,10683.0,10405.0,-0.026022652812880298,7
OI0,long,2021-04-23,2021-04-30,10848.0,10410.0,-0.04037610619469023,5
OI0,long,2021-05-06,2021-05-21,10971.0,10219.0,-0.06854434418011124,11
OI0,long,2021-09-03,2021-09-14,10937.0,10736.0,-0.018377982993508235,7
OI0,long,2021-09-23,2021-11-10,11146.0,12396.0,0.11214785573299846,29
OI0,long,2021-12-07,2021-12-14,13006.0,11863.0,-0.08788251576195605,5
OI0,short,2022-01-05,2022-01-21,11797.0,12424.0,-0.05046683837733423,12
OI0,long,2022-04-13,2022-05-19,12915.0,13467.0,0.04274099883855986,23
OI0,long,2022-05-27,2022-06-20,13948.0,13375.0,-0.04108115858904504,15
OI0,long,2022-11-03,2022-11-23,11219.0,11089.0,-0.011587485515643148,14
OI0,short,2023-01-10,2023-02-20,10103.0,9970.0,0.013340020060180535,24
OI0,short,2023-03-08,2023-04-18,9665.0,8665.0,0.11540680900173106,28
OI0,short,2023-04-25,2023-06-13,8238.0,7954.0,0.0357053055066634,32
OI0,long,2023-08-29,2023-09-07,9443.0,9076.0,-0.03886476755268453,7
OI0,short,2023-10-11,2023-10-17,8620.0,8982.0,-0.04030282787797823,4
OI0,short,2023-10-24,2023-11-15,8437.0,8790.0,-0.04015927189988622,16
OI0,short,2023-11-24,2024-01-25,8432.0,8034.0,0.0495394573064476,43
OI0,short,2024-01-30,2024-02-29,7636.0,7833.0,-0.02515000638325038,16
OI0,long,2024-04-24,2024-06-05,8412.0,8561.0,0.01771279125059433,27
OI0,short,2024-07-11,2024-07-22,8285.0,8684.0,-0.04594656840165823,7
OI0,short,2025-01-16,2025-02-07,8498.0,8792.0,-0.03343949044585992,10
OI0,long,2025-03-07,2025-04-30,8798.0,9297.0,0.056717435780859304,37
OI0,long,2025-05-27,2025-06-04,9444.0,9101.0,-0.03631935620499793,5
OI0,long,2025-07-03,2025-07-11,9619.0,9439.0,-0.018712963925563986,6
OI0,long,2025-07-30,2025-09-04,9621.0,9739.0,0.012264837334996281,26
OI0,long,2025-09-16,2025-10-16,10053.0,9935.0,-0.011737789714513114,16
OI0,long,2026-05-28,2026-06-08,9886.0,10011.0,0.012644143232854566,7
P0,long,2008-02-13,2008-03-12,10268.0,10970.0,0.06836774444877292,20
P0,short,2008-04-29,2008-05-14,10160.0,10790.0,-0.0583873957367933,11
P0,long,2008-06-09,2008-06-24,10624.0,10326.0,-0.02804969879518071,11
P0,long,2008-07-01,2008-07-07,10856.0,10534.0,-0.029661016949152574,4
P0,short,2008-09-12,2008-11-28,6770.0,4800.0,0.41041666666666665,50
P0,long,2009-02-10,2009-02-20,5532.0,5118.0,-0.07483731019522777,8
P0,long,2009-05-05,2009-06-04,6656.0,6558.0,-0.01472355769230771,20
P0,long,2009-12-31,2010-01-14,7276.0,6888.0,-0.05332600329851567,9
P0,long,2010-04-26,2010-05-04,7028.0,6910.0,-0.016789982925441094,5
P0,short,2010-06-07,2010-07-16,6442.0,6538.0,-0.014683389415723447,26
P0,long,2010-09-07,2010-11-19,7436.0,8830.0,0.1874663797740721,47
P0,long,2010-12-06,2011-01-27,9230.0,9674.0,0.04810400866738895,38
P0,long,2011-02-10,2011-02-18,10198.0,9654.0,-0.05334379290056879,6
P0,short,2011-03-24,2011-04-07,8978.0,9294.0,-0.034000430385194735,8
P0,short,2011-04-19,2011-04-22,9056.0,9362.0,-0.03268532364879295,3
P0,short,2011-10-20,2011-11-08,7736.0,7974.0,-0.02984700275896668,13
P0,short,2011-11-24,2011-12-26,7792.0,7926.0,-0.016906384052485457,21
P0,long,2012-02-03,2012-04-26,8084.0,8774.0,0.08535378525482429,56
P0,short,2012-08-10,2012-08-21,7746.0,7838.0,-0.011737688185761708,7
P0,short,2012-11-06,2012-12-04,6838.0,6796.0,0.006180105944673331,20
P0,short,2013-01-24,2013-02-04,6720.0,7190.0,-0.06536856745479835,7
P0,short,2013-04-01,2013-05-14,6120.0,6110.0,0.0016366612111293755,26
P0,short,2014-01-06,2014-02-12,5976.0,5886.0,0.015290519877675823,21
P0,short,2014-05-30,2014-06-17,5882.0,5880.0,0.0003401360544217358,11
P0,short,2014-07-02,2014-09-17,5820.0,5238.0,0.11111111111111116,54
P0,short,2014-10-21,2014-10-31,5118.0,5396.0,-0.051519644180874735,8
P0,short,2015-01-16,2015-02-10,4942.0,4940.0,0.00040485829959524544,17
P0,short,2015-03-27,2015-04-17,4688.0,4742.0,-0.011387600168705214,14
P0,long,2015-06-01,2015-06-24,5184.0,5140.0,-0.008487654320987637,15
P0,long,2015-07-03,2015-07-08,5400.0,4774.0,-0.11592592592592588,3
P0,short,2015-07-24,2015-09-23,4860.0,4298.0,0.1307584923220102,42
P0,long,2015-12-30,2016-01-13,4864.0,4630.0,-0.04810855263157898,9
P0,long,2016-03-07,2016-05-03,5112.0,5440.0,0.06416275430359941,38
P0,short,2016-07-07,2016-08-03,4856.0,5162.0,-0.059279349089500166,19
P0,long,2016-09-21,2016-10-11,5712.0,5532.0,-0.031512605042016806,9
P0,long,2016-10-18,2016-12-22,5866.0,6166.0,0.05114217524718723,47
P0,short,2017-03-09,2017-05-04,5664.0,5206.0,0.08797541298501721,37
P0,short,2017-06-22,2017-07-03,5180.0,5342.0,-0.030325720703856196,7
P0,short,2017-07-06,2017-07-12,5208.0,5292.0,-0.015873015873015928,4
P0,long,2017-08-08,2017-10-10,5384.0,5546.0,0.0300891530460623,39
P0,long,2017-10-24,2017-11-14,5688.0,5546.0,-0.024964838255977506,15
P0,short,2018-01-17,2018-02-27,5182.0,5296.0,-0.021525679758308103,24
P0,short,2018-04-16,2018-05-11,5024.0,5096.0,-0.014128728414442682,17
P0,short,2018-07-11,2018-07-25,4654.0,4772.0,-0.02472757753562449,10
P0,long,2018-09-06,2018-09-14,4946.0,4858.0,-0.017792155276991517,6
P0,short,2018-10-25,2018-12-05,4664.0,4512.0,0.03368794326241131,29
P0,short,2019-05-23,2019-05-31,4366.0,4470.0,-0.023266219239373553,6
P0,short,2019-06-12,2019-07-25,4344.0,4306.0,0.008824895494658591,31
P0,long,2019-11-20,2020-01-17,5626.0,6126.0,0.08887308922858161,41
P0,short,2020-04-16,2020-05-19,4584.0,4570.0,0.0030634573304157975,20
P0,long,2020-07-15,2020-08-18,5260.0,5678.0,0.07946768060836495,24
P0,long,2020-09-02,2020-09-28,5914.0,5888.0,-0.004396347649644916,18
P0,long,2020-10-14,2020-10-20,6276.0,5944.0,-0.052899936265137004,4
P0,long,2020-10-27,2021-01-18,6262.0,6728.0,0.07441711913126792,58
P0,long,2021-06-04,2021-06-10,7942.0,7690.0,-0.03173004281037517,4
P0,long,2021-08-10,2021-08-20,8660.0,8060.0,-0.06928406466512704,8
P0,long,2021-09-08,2021-11-08,8442.0,9238.0,0.0942904524994077,36
P0,long,2021-11-19,2021-11-30,9978.0,9146.0,-0.08338344357586691,7
P0,long,2022-05-24,2022-06-13,11880.0,11282.0,-0.050336700336700346,13
P0,short,2022-09-01,2022-10-18,8190.0,7962.0,0.028636021100226117,27
P0,short,2023-02-02,2023-02-09,7656.0,8008.0,-0.04395604395604391,5
P0,short,2023-04-18,2023-06-15,7360.0,6808.0,0.08108108108108114,39
P0,long,2023-07-20,2023-08-07,7756.0,7470.0,-0.03687467766890151,12
P0,long,2023-08-21,2023-09-11,7670.0,7446.0,-0.029204693611473265,15
P0,short,2023-10-25,2023-10-30,7016.0,7252.0,-0.032542746828461144,3
P0,short,2024-01-03,2024-01-12,6952.0,7338.0,-0.05260288907059141,7
P0,long,2024-04-03,2024-04-15,8570.0,7664.0,-0.1057176196032672,6
P0,long,2024-07-01,2024-08-08,7868.0,7596.0,-0.03457041179461107,28
P0,long,2024-09-19,2024-11-25,8166.0,9710.0,0.18907665931912798,42
P0,long,2024-12-03,2024-12-16,10428.0,9322.0,-0.10606060606060608,9
P0,short,2025-05-07,2025-05-30,7914.0,8060.0,-0.018114143920595516,17
P0,long,2025-07-02,2025-09-12,8440.0,9296.0,0.10142180094786735,52
P0,short,2025-11-24,2025-12-03,8486.0,8730.0,-0.027949599083619714,7
P0,short,2025-12-16,2026-01-09,8410.0,8682.0,-0.03132918682331265,16
P0,long,2026-03-05,2026-04-10,9070.0,9621.0,0.06074972436604198,25
P0,long,2026-04-24,2026-05-14,9778.0,9405.0,-0.03814686029862957,11
PB0,short,2011-09-15,2011-10-26,16345.0,15015.0,0.08857808857808869,24
PB0,long,2011-11-28,2011-12-16,15410.0,15280.0,-0.008436080467229101,13
PB0,long,2012-02-28,2012-03-08,16295.0,15850.0,-0.027308990487879714,7
PB0,short,2012-06-26,2012-07-05,14470.0,14990.0,-0.034689793195463614,7
PB0,short,2012-07-25,2012-07-31,14705.0,15070.0,-0.02422030524220309,4
PB0,short,2012-12-07,2012-12-12,15100.0,15350.0,-0.016286644951140072,3
PB0,short,2013-04-15,2013-05-29,14020.0,13870.0,0.010814708002883977,29
PB0,long,2013-07-02,2013-07-05,14280.0,13880.0,-0.02801120448179273,3
PB0,short,2014-02-25,2014-03-27,13885.0,13760.0,0.009084302325581328,22
PB0,long,2014-05-23,2014-06-16,14070.0,13990.0,-0.005685856432125047,15
PB0,long,2014-06-23,2014-07-17,14130.0,14080.0,-0.0035385704175513455,18
PB0,short,2014-10-16,2014-11-25,13480.0,13640.0,-0.011730205278592365,28
PB0,short,2014-12-03,2015-01-21,13405.0,12515.0,0.07111466240511377,33
PB0,short,2015-06-30,2015-07-16,12795.0,13190.0,-0.029946929492039476,12
PB0,short,2015-07-24,2015-07-31,12620.0,13000.0,-0.029230769230769282,5
PB0,long,2015-08-27,2015-09-23,13355.0,13185.0,-0.012729314863347052,18
PB0,long,2015-09-30,2015-10-23,13585.0,13270.0,-0.023187338976812688,13
PB0,long,2016-03-07,2016-03-22,13880.0,13600.0,-0.02017291066282423,11
PB0,long,2016-09-01,2016-09-14,14420.0,14070.0,-0.024271844660194164,9
PB0,long,2016-09-21,2016-12-20,14620.0,18055.0,0.23495212038303692,59
PB0,short,2017-03-27,2017-06-05,17730.0,16500.0,0.07454545454545447,45
PB0,long,2017-07-28,2017-09-08,18030.0,18900.0,0.048252911813643884,30
PB0,long,2017-09-15,2017-10-19,19820.0,19350.0,-0.023713420787083717,19
PB0,long,2018-01-22,2018-02-09,19480.0,19040.0,-0.022587268993839782,14
PB0,short,2018-02-28,2018-03-30,19205.0,18825.0,0.020185922974767623,22
PB0,short,2018-04-13,2018-05-04,18365.0,18550.0,-0.009973045822102455,13
PB0,long,2018-06-05,2018-06-21,20600.0,19855.0,-0.03616504854368929,11
PB0,short,2018-08-17,2018-08-28,17595.0,18410.0,-0.0442694187941336,7
PB0,short,2019-02-11,2019-03-01,16770.0,17780.0,-0.05680539932508433,14
PB0,short,2019-04-11,2019-06-11,16445.0,16180.0,0.016378244746600767,38
PB0,short,2019-07-05,2019-07-18,16010.0,16500.0,-0.029696969696969666,9
PB0,long,2019-08-09,2019-09-19,16785.0,16855.0,0.00417039022937149,28
PB0,short,2020-01-06,2020-01-17,14755.0,15225.0,-0.030870279146141266,9
PB0,short,2020-02-03,2020-02-25,14220.0,14560.0,-0.02335164835164838,16
PB0,short,2020-03-12,2020-04-08,14250.0,13715.0,0.03900838497994896,18
PB0,long,2020-06-19,2020-08-26,14605.0,15780.0,0.08045190003423475,46
PB0,short,2020-09-25,2020-11-11,14695.0,14590.0,0.007196710075394019,27
PB0,long,2021-02-10,2021-03-05,15430.0,15080.0,-0.02268308489954629,12
PB0,short,2021-04-07,2021-04-20,14925.0,15300.0,-0.02450980392156865,9
PB0,long,2021-05-20,2021-05-26,15735.0,15420.0,-0.020019065776930356,4
PB0,long,2021-07-15,2021-08-09,15890.0,15460.0,-0.02706104468219006,17
PB0,short,2021-09-15,2021-10-13,14660.0,14795.0,-0.009124704291990526,13
PB0,short,2021-12-06,2021-12-10,14820.0,15470.0,-0.04201680672268904,4
PB0,long,2022-04-21,2022-05-11,15680.0,15120.0,-0.0357142857142857,11
PB0,short,2022-06-16,2022-06-23,14885.0,15080.0,-0.012931034482758674,5
PB0,short,2022-07-06,2022-07-20,14920.0,15125.0,-0.013553719008264409,10
PB0,short,2022-09-19,2022-10-10,14875.0,15245.0,-0.024270252541817028,10
PB0,long,2022-11-10,2022-12-14,15535.0,15530.0,-0.00032185387833927326,24
PB0,long,2022-12-26,2023-01-09,15980.0,15595.0,-0.02409261576971211,9
PB0,short,2023-03-09,2023-03-21,15180.0,15395.0,-0.013965573238064355,8
PB0,short,2023-05-29,2023-06-14,15240.0,15315.0,-0.004897159647404559,12
PB0,long,2023-07-13,2023-09-27,15655.0,16620.0,0.061641648035771324,54
PB0,long,2024-03-28,2024-06-13,16465.0,18580.0,0.12845429699362287,49
PB0,long,2024-06-28,2024-07-24,19440.0,19165.0,-0.014146090534979394,18
PB0,short,2024-09-05,2024-10-08,16925.0,16880.0,0.002665876777251164,16
PB0,short,2025-05-28,2025-06-12,16705.0,16890.0,-0.010953226761397317,10
PB0,short,2025-08-20,2025-08-27,16725.0,16890.0,-0.009769094138543544,5
PB0,long,2025-10-22,2025-11-19,17175.0,17250.0,0.004366812227074135,20
PB0,short,2025-12-11,2025-12-26,17155.0,17555.0,-0.022785531187695773,11
PB0,short,2026-03-13,2026-04-03,16555.0,16785.0,-0.013702710753649039,15
PB0,long,2026-04-29,2026-05-12,16745.0,16580.0,-0.009853687667960576,6
PB0,short,2026-05-29,2026-06-08,16560.0,16340.0,0.01346389228886169,6
PP0,long,2014-07-04,2014-07-21,11301.0,11081.0,-0.019467303778426648,11
PP0,long,2014-07-28,2014-07-31,11286.0,10666.0,-0.05493531809321284,3
PP0,short,2014-09-11,2014-10-30,10418.0,10001.0,0.041695830416958346,29
PP0,short,2015-01-12,2015-02-04,7203.0,7723.0,-0.06733134792179207,17
PP0,long,2015-04-01,2015-05-12,8377.0,8436.0,0.007043094186462984,27
PP0,short,2015-08-24,2015-10-12,7347.0,7388.0,-0.0055495397942609825,30
PP0,short,2015-10-19,2015-12-23,7098.0,5766.0,0.23100936524453686,47
PP0,short,2016-01-13,2016-01-20,5585.0,5896.0,-0.05274762550881951,5
PP0,long,2016-03-17,2016-03-30,7298.0,6859.0,-0.060153466703206315,9
PP0,short,2016-09-13,2016-10-10,7096.0,7578.0,-0.06360517286883083,12
PP0,long,2016-12-06,2016-12-26,8934.0,9053.0,0.013319901499888154,14
PP0,short,2017-03-22,2017-04-07,8103.0,8261.0,-0.01912601379978207,10
PP0,short,2017-04-14,2017-05-17,7739.0,7765.0,-0.003348358016741826,22
PP0,long,2017-08-09,2017-09-15,8779.0,8885.0,0.01207426813987933,27
PP0,long,2017-11-20,2017-11-29,9155.0,8893.0,-0.028618241398143063,7
PP0,long,2017-12-06,2018-02-01,9139.0,9408.0,0.029434292592187328,40
PP0,long,2018-06-08,2018-06-21,9306.0,9061.0,-0.026327100795185854,8
PP0,long,2018-09-17,2018-10-23,9947.0,10030.0,0.008344224389263077,20
PP0,short,2018-12-11,2019-01-08,8287.0,8618.0,-0.03840798329078676,18
PP0,long,2019-02-20,2019-03-18,8832.0,8452.0,-0.043025362318840576,18
PP0,short,2019-05-23,2019-06-21,8264.0,8315.0,-0.006133493686109492,20
PP0,short,2019-11-15,2019-11-26,7860.0,7993.0,-0.01663955961466279,7
PP0,short,2020-01-21,2020-02-24,7447.0,7078.0,0.05213337100875948,18
PP0,short,2020-03-13,2020-04-09,6834.0,6743.0,0.01349547679074603,18
PP0,long,2020-05-20,2020-07-20,7141.0,7479.0,0.047332306399664015,41
PP0,long,2020-07-31,2020-09-11,7635.0,7725.0,0.011787819253438192,30
PP0,long,2020-10-12,2020-10-26,7936.0,7749.0,-0.023563508064516125,10
PP0,long,2020-11-02,2020-12-10,8098.0,8484.0,0.04766609039268954,28
PP0,short,2021-05-20,2021-06-24,8450.0,8467.0,-0.00200779496870207,24
PP0,long,2021-07-20,2021-07-28,8582.0,8455.0,-0.014798415287811673,6
PP0,short,2021-11-26,2021-12-31,8195.0,8143.0,0.006385852879774001,25
PP0,long,2022-03-29,2022-04-06,9149.0,8810.0,-0.037053229861186976,4
PP0,short,2022-08-17,2022-09-07,7725.0,7984.0,-0.03243987975951901,15
PP0,long,2022-10-10,2022-10-14,8184.0,7747.0,-0.053396871945258995,4
PP0,long,2023-02-23,2023-02-24,7943.0,7918.0,-0.0031474254060178675,1
PP0,short,2023-04-26,2023-06-16,7518.0,7059.0,0.06502337441563966,34
PP0,long,2023-08-18,2023-09-27,7574.0,7716.0,0.01874834961711125,28
PP0,short,2024-02-02,2024-02-08,7322.0,7461.0,-0.018630210427556637,4
PP0,short,2024-02-26,2024-02-29,7382.0,7493.0,-0.014813826237822014,3
PP0,long,2024-03-14,2024-03-28,7492.0,7472.0,-0.0026695141484249785,10
PP0,long,2024-04-03,2024-04-25,7597.0,7568.0,-0.0038172963011715577,14
PP0,long,2024-05-17,2024-06-06,7774.0,7673.0,-0.012992024697710325,14
PP0,long,2024-06-28,2024-07-10,7790.0,7669.0,-0.015532734274711135,8
PP0,short,2024-08-05,2024-08-28,7572.0,7630.0,-0.007601572739187379,17
PP0,short,2024-09-04,2024-10-08,7388.0,7720.0,-0.043005181347150256,17
PP0,short,2025-01-07,2025-01-15,7323.0,7442.0,-0.015990325181402865,6
PP0,short,2025-01-23,2025-02-11,7333.0,7430.0,-0.013055181695827756,7
PP0,short,2025-02-24,2025-03-26,7366.0,7328.0,0.005185589519650646,22
PP0,short,2025-04-08,2025-05-16,7129.0,7093.0,0.0050754264768080315,25
PP0,short,2025-05-23,2025-06-16,6948.0,7133.0,-0.0259357913921211,15
PP0,short,2025-09-22,2025-12-26,6873.0,6292.0,0.0923394787031151,63
PP0,long,2026-03-02,2026-04-10,6998.0,8369.0,0.1959131180337239,28
PP0,long,2026-04-30,2026-05-27,8822.0,8446.0,-0.042620720924960276,16
RB0,long,2009-07-15,2009-08-19,4002.0,4219.0,0.054222888555722104,25
RB0,short,2009-09-23,2009-10-21,3891.0,3887.0,0.0010290712631850774,14
RB0,long,2010-01-04,2010-01-15,4579.0,4368.0,-0.04607993011574585,9
RB0,short,2010-06-01,2010-07-15,4178.0,4053.0,0.030841352084875373,30
RB0,long,2010-09-03,2010-09-20,4365.0,4378.0,0.002978235967926679,11
RB0,long,2010-12-07,2011-02-21,4760.0,5026.0,0.055882352941176494,48
RB0,long,2011-04-22,2011-05-10,4873.0,4848.0,-0.005130309870716165,11
RB0,long,2012-01-11,2012-02-15,4224.0,4189.0,-0.008285984848484862,20
RB0,long,2012-04-09,2012-04-18,4380.0,4342.0,-0.008675799086757974,7
RB0,short,2012-06-29,2012-09-17,4067.0,3554.0,0.14434440067529541,56
RB0,long,2013-01-30,2013-02-25,4114.0,4016.0,-0.023821098687408893,13
RB0,short,2013-03-29,2013-07-01,3810.0,3484.0,0.09357060849598153,58
RB0,long,2013-08-08,2013-08-30,3743.0,3753.0,0.0026716537536735085,16
RB0,short,2013-10-16,2013-11-01,3567.0,3671.0,-0.028330155271043322,12
RB0,short,2014-02-12,2014-03-05,3393.0,3423.0,-0.00876424189307623,15
RB0,short,2014-03-10,2014-04-01,3221.0,3331.0,-0.03302311618132692,15
RB0,short,2014-06-16,2014-06-25,3001.0,3079.0,-0.02533290029230273,7
RB0,short,2014-11-18,2014-12-01,2442.0,2521.0,-0.031336771122570384,9
RB0,short,2015-02-04,2015-02-12,2467.0,2489.0,-0.008838891120932058,6
RB0,short,2015-03-03,2015-03-16,2468.0,2520.0,-0.020634920634920673,9
RB0,short,2015-05-18,2015-07-28,2349.0,2072.0,0.13368725868725861,49
RB0,short,2015-08-20,2015-12-18,2028.0,1712.0,0.18457943925233655,81
RB0,long,2016-01-18,2016-05-06,1827.0,2336.0,0.2785987958401752,72
RB0,long,2016-08-02,2016-08-30,2514.0,2422.0,-0.03659506762132059,20
RB0,long,2016-11-25,2016-12-21,3154.0,3169.0,0.004755865567533268,18
RB0,long,2017-02-13,2017-03-10,3437.0,3402.0,-0.010183299389002087,19
RB0,long,2017-03-16,2017-03-23,3625.0,3127.0,-0.13737931034482753,5
RB0,long,2017-08-02,2017-09-15,3725.0,3805.0,0.021476510067114152,32
RB0,short,2017-10-27,2017-11-08,3577.0,3724.0,-0.03947368421052633,8
RB0,short,2018-01-12,2018-01-19,3790.0,3926.0,-0.03464085583290877,5
RB0,long,2018-02-26,2018-03-09,4028.0,3709.0,-0.07919563058589874,9
RB0,long,2018-05-31,2018-06-27,3696.0,3672.0,-0.00649350649350644,18
RB0,long,2018-07-10,2018-08-29,3862.0,4160.0,0.07716209218021741,36
RB0,long,2019-03-01,2019-03-26,3815.0,3705.0,-0.028833551769331556,17
RB0,long,2019-04-29,2019-05-10,3777.0,3746.0,-0.008207572147206799,6
RB0,long,2019-05-20,2019-06-03,3780.0,3707.0,-0.01931216931216928,10
RB0,short,2019-08-26,2019-09-17,3372.0,3533.0,-0.04557033682422873,15
RB0,short,2019-10-14,2019-11-01,3352.0,3380.0,-0.008284023668639007,14
RB0,long,2020-01-17,2020-02-03,3595.0,3233.0,-0.1006954102920723,5
RB0,long,2020-05-29,2020-07-01,3579.0,3566.0,-0.003632299525006988,21
RB0,long,2020-07-08,2020-08-21,3702.0,3783.0,0.021880064829821633,32
RB0,long,2020-12-10,2021-01-26,4040.0,4303.0,0.06509900990099005,32
RB0,long,2021-02-09,2021-05-21,4420.0,5112.0,0.1565610859728508,64
RB0,long,2022-03-04,2022-04-26,4901.0,4829.0,-0.014690879412364799,35
RB0,short,2022-06-16,2022-08-01,4506.0,4093.0,0.10090398240899101,32
RB0,short,2022-09-20,2022-09-26,3659.0,3765.0,-0.028154050464807456,4
RB0,short,2022-10-18,2022-11-15,3678.0,3692.0,-0.003791982665222071,20
RB0,long,2023-01-11,2023-02-03,4161.0,4055.0,-0.02547464551790435,12
RB0,long,2023-02-17,2023-03-22,4167.0,4153.0,-0.003359731221502238,23
RB0,short,2023-05-11,2023-06-06,3600.0,3641.0,-0.011260642680582245,18
RB0,long,2023-07-20,2023-08-07,3784.0,3732.0,-0.01374207188160681,12
RB0,long,2023-12-08,2023-12-15,4042.0,3915.0,-0.03142008906481941,5
RB0,long,2023-12-26,2024-01-09,4023.0,3943.0,-0.019885657469550067,9
RB0,short,2024-03-27,2024-04-10,3479.0,3583.0,-0.02902595590287471,8
RB0,short,2024-07-08,2024-08-28,3503.0,3264.0,0.07322303921568629,37
RB0,short,2024-09-05,2024-09-26,3083.0,3281.0,-0.06034745504419381,13
RB0,long,2025-02-20,2025-03-05,3358.0,3259.0,-0.029481834425253095,9
RB0,short,2025-03-31,2025-06-23,3159.0,2995.0,0.054757929883138656,55
RB0,short,2025-11-05,2025-11-19,3024.0,3070.0,-0.014983713355048889,10
RB0,long,2025-12-22,2026-01-21,3126.0,3117.0,-0.0028790786948176272,20
RB0,long,2026-04-17,2026-05-20,3133.0,3189.0,0.01787424194063192,20
RM0,short,2013-04-25,2013-05-17,2340.0,2387.0,-0.019689987431922962,13
RM0,short,2013-05-24,2013-07-11,2141.0,2270.0,-0.05682819383259907,31
RM0,long,2013-09-27,2013-10-17,2488.0,2411.0,-0.030948553054662375,10
RM0,short,2013-11-18,2013-11-29,2374.0,2445.0,-0.02903885480572599,8
RM0,long,2013-12-25,2014-01-24,2563.0,2454.0,-0.04252828716348034,20
RM0,short,2014-09-10,2014-10-16,2175.0,2173.0,0.0009203865623561569,21
RM0,short,2015-06-15,2015-06-26,2010.0,2077.0,-0.032258064516129004,8
RM0,short,2015-09-07,2015-09-17,1870.0,2042.0,-0.08423114593535752,8
RM0,short,2015-10-08,2015-12-11,1957.0,1888.0,0.03654661016949157,46
RM0,long,2016-04-12,2016-07-11,2025.0,2540.0,0.2543209876543211,61
RM0,short,2016-09-30,2016-10-24,2171.0,2286.0,-0.050306211723534555,11
RM0,long,2017-03-06,2017-03-10,2488.0,2384.0,-0.04180064308681675,4
RM0,long,2017-12-04,2017-12-21,2341.0,2300.0,-0.01751388295600176,13
RM0,long,2018-04-02,2018-05-08,2589.0,2559.0,-0.011587485515643148,22
RM0,short,2018-06-07,2018-06-29,2459.0,2532.0,-0.02883096366508686,15
RM0,short,2018-09-17,2018-09-25,2336.0,2452.0,-0.047308319738988636,5
RM0,short,2018-11-26,2019-01-08,2233.0,2171.0,0.028558268079226234,29
RM0,short,2019-02-21,2019-03-05,2116.0,2158.0,-0.019462465245597804,8
RM0,long,2019-04-04,2019-04-26,2231.0,2172.0,-0.026445540116539656,13
RM0,long,2019-05-09,2019-07-03,2270.0,2468.0,0.08722466960352415,38
RM0,long,2020-02-27,2020-03-11,2298.0,2290.0,-0.003481288076588318,9
RM0,long,2020-03-20,2020-04-08,2361.0,2379.0,0.007623888182973326,12
RM0,long,2020-07-20,2020-08-06,2430.0,2362.0,-0.027983539094650234,13
RM0,long,2020-10-12,2020-11-02,2530.0,2456.0,-0.029249011857707563,15
RM0,long,2021-02-22,2021-03-03,2964.0,2868.0,-0.03238866396761131,7
RM0,long,2021-04-20,2021-05-18,2984.0,3013.0,0.00971849865951735,17
RM0,long,2021-08-10,2021-08-23,3029.0,2857.0,-0.05678441729943873,9
RM0,short,2021-09-29,2021-11-12,2802.0,2689.0,0.042023056898475186,27
RM0,long,2021-12-06,2022-01-18,2717.0,2872.0,0.05704821494295187,30
RM0,long,2022-01-24,2022-03-29,3022.0,3911.0,0.29417604235605554,41
RM0,long,2022-04-21,2022-04-26,3862.0,3667.0,-0.05049197307094766,3
RM0,long,2022-10-14,2022-10-19,3225.0,3040.0,-0.05736434108527133,3
RM0,long,2023-02-06,2023-02-09,3257.0,3154.0,-0.0316241940435984,3
RM0,long,2023-08-14,2023-08-21,3921.0,3472.0,-0.11451160418260653,5
RM0,short,2023-10-09,2023-11-07,2986.0,3058.0,-0.023544800523217835,21
RM0,short,2023-11-21,2023-12-13,2900.0,2883.0,0.00589663544918495,16
RM0,long,2024-04-10,2024-05-30,2720.0,2791.0,0.026102941176470607,33
RM0,short,2024-07-10,2024-09-02,2514.0,2240.0,0.12232142857142847,38
RM0,long,2025-01-14,2025-03-07,2383.0,2456.0,0.030633655056651277,32
RM0,long,2025-03-12,2025-03-24,2730.0,2577.0,-0.05604395604395607,8
RM0,long,2025-07-30,2025-08-12,2735.0,2562.0,-0.063254113345521,9
RM0,short,2025-09-17,2025-10-30,2460.0,2401.0,0.024573094543939966,25
RM0,short,2026-01-13,2026-02-13,2314.0,2309.0,0.002165439584235651,23
RU0,long,2005-04-07,2005-04-12,13645.0,13060.0,-0.04287284719677542,3
RU0,long,2005-06-23,2005-08-08,14265.0,16290.0,0.14195583596214512,32
RU0,long,2005-08-31,2005-10-25,16470.0,17750.0,0.07771706132361866,34
RU0,short,2005-11-30,2005-12-07,16915.0,17560.0,-0.0367312072892938,5
RU0,short,2006-07-13,2006-10-10,24835.0,19295.0,0.28712101580720395,58
RU0,long,2007-01-10,2007-03-02,20155.0,21410.0,0.06226742743736047,32
RU0,long,2007-03-23,2007-04-23,21235.0,21845.0,0.028726159642100235,21
RU0,short,2007-05-31,2007-07-23,19865.0,18915.0,0.050224689399947176,36
RU0,long,2007-11-01,2007-11-14,22885.0,21610.0,-0.05571334935547301,9
RU0,long,2008-02-05,2008-03-06,24135.0,23485.0,-0.026931841723637828,17
RU0,short,2008-04-09,2008-04-30,21675.0,21890.0,-0.00982183645500223,15
RU0,long,2008-06-12,2008-07-10,26415.0,26775.0,0.013628620102214661,20
RU0,short,2008-09-16,2008-12-24,21380.0,10040.0,1.1294820717131473,66
RU0,long,2009-05-06,2009-05-22,15700.0,14760.0,-0.05987261146496814,12
RU0,long,2009-06-03,2009-06-22,15500.0,15045.0,-0.029354838709677367,13
RU0,long,2009-06-30,2009-07-06,15570.0,15050.0,-0.03339755940912015,4
RU0,long,2009-07-09,2009-08-20,15505.0,18355.0,0.18381167365366013,30
RU0,long,2009-11-11,2009-12-14,19940.0,21675.0,0.08701103309929792,23
RU0,long,2009-12-18,2010-01-26,23325.0,24065.0,0.0317256162915327,26
RU0,long,2010-03-08,2010-03-16,24800.0,23310.0,-0.0600806451612903,6
RU0,short,2010-06-07,2010-06-28,20560.0,22200.0,-0.0738738738738739,13
RU0,long,2010-09-03,2010-11-24,26225.0,32275.0,0.23069590085795988,50
RU0,long,2010-12-10,2011-02-22,33805.0,39700.0,0.17438248779766297,46
RU0,short,2011-04-19,2011-05-26,33870.0,32690.0,0.03609666564698677,26
RU0,short,2011-09-06,2011-09-09,32910.0,34095.0,-0.03475582930048393,3
RU0,short,2011-09-15,2011-12-06,33065.0,26080.0,0.26782975460122693,52
RU0,short,2011-12-16,2012-01-12,24975.0,25315.0,-0.013430772269405478,17
RU0,long,2012-02-23,2012-03-08,29225.0,28005.0,-0.041745081266039374,10
RU0,short,2012-05-09,2012-07-03,26100.0,23890.0,0.0925073252406865,38
RU0,long,2013-02-01,2013-02-21,26465.0,25085.0,-0.05214434158322312,9
RU0,short,2013-03-29,2013-05-10,22165.0,20875.0,0.06179640718562873,25
RU0,short,2013-05-27,2013-07-03,19115.0,18040.0,0.05958980044345896,24
RU0,short,2013-07-31,2013-08-05,17915.0,18280.0,-0.019967177242888434,3
RU0,long,2013-10-15,2013-10-24,21175.0,20145.0,-0.04864226682408501,7
RU0,short,2014-01-28,2014-02-19,15610.0,16190.0,-0.035824583075972805,11
RU0,short,2014-02-25,2014-03-26,14590.0,15520.0,-0.05992268041237114,19
RU0,short,2014-04-11,2014-05-21,15010.0,14285.0,0.05075253762688137,26
RU0,short,2014-11-06,2014-12-29,12300.0,12710.0,-0.032258064516129004,37
RU0,long,2015-02-02,2015-03-03,13255.0,12895.0,-0.027159562429271977,17
RU0,short,2015-04-09,2015-04-23,12300.0,13335.0,-0.07761529808773904,10
RU0,long,2015-05-29,2015-06-09,15010.0,14275.0,-0.048967355096602216,7
RU0,short,2015-08-04,2015-09-14,12290.0,11670.0,0.05312767780634098,28
RU0,short,2015-10-02,2015-10-13,11300.0,11820.0,-0.04399323181049064,4
RU0,short,2015-10-21,2015-12-22,11145.0,10695.0,0.04207573632538564,44
RU0,long,2016-03-03,2016-03-31,10675.0,11370.0,0.06510538641686181,20
RU0,long,2016-04-11,2016-05-09,12220.0,11785.0,-0.03559738134206214,19
RU0,long,2016-07-15,2016-07-27,11405.0,11180.0,-0.019728189390618156,8
RU0,long,2016-08-03,2016-08-29,12665.0,12355.0,-0.024476904855902037,18
RU0,long,2016-09-20,2016-11-04,13225.0,13760.0,0.04045368620037815,28
RU0,long,2016-11-08,2016-12-26,15115.0,17660.0,0.1683757856434005,34
RU0,long,2017-01-11,2017-02-20,19555.0,20300.0,0.0380976732293532,23
RU0,short,2017-04-10,2017-06-28,15520.0,13080.0,0.18654434250764518,54
RU0,long,2017-08-02,2017-09-18,15235.0,15210.0,-0.001640958319658714,33
RU0,short,2017-11-20,2017-11-30,13385.0,13915.0,-0.03808839381961915,8
RU0,long,2018-01-15,2018-01-19,14445.0,14065.0,-0.026306680512288017,4
RU0,short,2018-03-20,2018-04-23,12240.0,11680.0,0.047945205479452024,22
RU0,short,2018-11-20,2018-12-04,10885.0,11160.0,-0.024641577060931952,10
RU0,short,2018-12-26,2019-01-02,11040.0,11290.0,-0.02214348981399472,3
RU0,short,2019-04-18,2019-05-07,11400.0,11865.0,-0.039190897597977226,9
RU0,long,2019-06-05,2019-06-18,12125.0,11860.0,-0.02185567010309275,8
RU0,long,2019-12-03,2019-12-23,12745.0,12715.0,-0.0023538642604943316,14
RU0,long,2020-01-08,2020-01-22,13190.0,12420.0,-0.05837755875663386,10
RU0,short,2020-02-28,2020-04-10,10550.0,10140.0,0.04043392504930976,29
RU0,long,2020-06-03,2020-06-16,10430.0,10335.0,-0.00910834132310645,9
RU0,long,2020-07-06,2020-09-09,10610.0,12120.0,0.14231856738925552,47
RU0,long,2020-10-09,2020-11-11,12900.0,14145.0,0.09651162790697665,23
RU0,long,2020-11-27,2020-12-10,15230.0,14210.0,-0.06697307944845698,9
RU0,short,2021-05-14,2021-07-07,13280.0,13415.0,-0.010063361908311586,37
RU0,long,2021-11-17,2021-12-06,14615.0,14630.0,0.0010263427984946727,13
RU0,short,2022-02-15,2022-04-01,14355.0,13830.0,0.037960954446854656,33
RU0,short,2022-04-21,2022-05-18,13270.0,12980.0,0.022342064714946153,16
RU0,short,2022-07-07,2022-08-09,12670.0,12225.0,0.036400817995910106,23
RU0,long,2023-01-04,2023-02-06,13080.0,12735.0,-0.026376146788990806,18
RU0,short,2023-03-08,2023-04-19,12290.0,11980.0,0.025876460767946474,29
RU0,long,2023-08-08,2023-09-28,12890.0,13930.0,0.08068269976726139,37
RU0,long,2023-10-13,2023-11-01,14840.0,14180.0,-0.04447439353099736,13
RU0,long,2023-11-15,2023-11-23,14495.0,13905.0,-0.040703690927906155,6
RU0,long,2024-04-10,2024-04-16,15070.0,14515.0,-0.036828135368281334,4
RU0,long,2024-09-12,2024-10-25,17045.0,17760.0,0.04194778527427401,24
RU0,short,2025-05-28,2025-06-20,13805.0,13900.0,-0.006834532374100699,16
RU0,long,2025-08-05,2025-09-19,15460.0,15535.0,0.004851228978007827,33
RU0,short,2025-11-05,2025-11-14,14850.0,15215.0,-0.02398948406178114,7
RU0,long,2026-01-26,2026-03-19,16230.0,16090.0,-0.008626001232285851,32
RU0,long,2026-04-20,2026-05-22,17080.0,17420.0,0.01990632318501162,21
RU0,long,2026-06-01,2026-06-08,18065.0,17565.0,-0.02767783005812341,5
SC0,long,2018-06-27,2018-07-19,485.0,486.1,0.0022680412371134384,16
SC0,long,2018-07-26,2018-08-20,503.8,491.4,-0.024612941643509356,17
SC0,long,2018-08-30,2018-10-25,522.8,536.3,0.02582249426166805,34
SC0,short,2018-12-24,2019-01-09,384.8,416.3,-0.07566658659620462,10
SC0,long,2019-03-15,2019-05-27,455.0,469.7,0.03230769230769237,46
SC0,short,2019-07-19,2019-08-01,425.9,442.9,-0.03838338225333038,9
SC0,long,2019-10-14,2019-10-21,474.3,441.4,-0.06936538056082653,5
SC0,long,2019-11-06,2019-12-04,458.0,448.7,-0.02030567685589524,20
SC0,long,2019-12-09,2020-01-13,467.9,476.9,0.019234879247702397,24
SC0,short,2020-02-27,2020-04-07,368.7,297.7,0.23849512932482364,27
SC0,short,2020-04-21,2020-05-15,229.2,259.5,-0.11676300578034682,15
SC0,long,2020-06-18,2020-07-16,295.3,288.7,-0.022350152387402678,18
SC0,short,2020-09-30,2020-10-20,254.7,270.7,-0.0591060214259328,8
SC0,short,2020-10-27,2020-11-13,256.4,248.5,0.031790744466800636,13
SC0,long,2020-12-14,2021-03-23,304.9,390.8,0.2817317153164973,65
SC0,long,2021-04-15,2021-05-24,411.0,414.0,0.007299270072992803,24
SC0,long,2021-05-31,2021-07-09,428.8,444.6,0.036847014925373234,28
SC0,long,2022-02-07,2022-03-17,566.9,619.4,0.09260892573646151,28
SC0,long,2022-04-19,2022-06-22,695.9,683.9,-0.01724385687598795,42
SC0,short,2023-01-11,2023-01-18,519.8,563.5,-0.07755102040816331,5
SC0,long,2023-03-02,2023-03-14,559.0,529.5,-0.05277280858676203,8
SC0,long,2023-09-05,2023-10-11,670.2,662.4,-0.011638316920322356,20
SC0,short,2023-12-05,2023-12-22,555.1,566.6,-0.020296505471231963,13
SC0,long,2024-04-02,2024-04-24,650.3,651.2,0.0013839766261727338,14
SC0,short,2024-06-03,2024-06-14,595.8,602.8,-0.011612475116124732,8
SC0,short,2024-08-21,2024-10-09,547.4,551.6,-0.0076142131979696215,28
SC0,short,2025-05-06,2025-06-05,458.9,463.7,-0.010351520379555779,21
SC0,long,2025-07-30,2025-08-07,528.6,501.0,-0.05221339387060164,6
SC0,short,2025-08-27,2025-09-17,479.7,499.3,-0.0392549569397157,15
SC0,short,2025-09-23,2025-09-29,473.1,492.6,-0.03958587088915955,4
SC0,short,2025-10-09,2025-10-28,471.0,462.7,0.017938188891290174,13
SC0,short,2025-11-21,2026-01-14,447.4,448.0,-0.001339285714285765,36
SF0,short,2014-12-08,2014-12-12,5464.0,5554.0,-0.016204537270435693,4
SF0,short,2014-12-23,2015-04-29,5472.0,4996.0,0.09527622097678146,78
SF0,long,2015-08-05,2015-08-12,5068.0,4998.0,-0.013812154696132617,5
SF0,short,2015-09-28,2015-12-18,4908.0,3734.0,0.31440814140332085,54
SF0,long,2016-02-15,2016-03-25,4218.0,4674.0,0.10810810810810811,29
SF0,short,2016-05-06,2016-06-06,4224.0,4130.0,0.022760290556900653,21
SF0,long,2016-08-17,2016-09-01,4550.0,4432.0,-0.025934065934065886,11
SF0,long,2016-09-05,2016-12-06,4734.0,5448.0,0.1508238276299112,57
SF0,short,2017-05-11,2017-05-19,5192.0,5392.0,-0.0370919881305638,6
SF0,short,2018-03-26,2018-04-17,6000.0,6500.0,-0.07692307692307687,14
SF0,long,2018-06-26,2018-07-12,6860.0,6588.0,-0.039650145772594736,12
SF0,long,2018-07-23,2018-08-22,6824.0,6698.0,-0.018464243845252026,22
SF0,short,2018-12-17,2019-01-15,6074.0,5934.0,0.02359285473542294,19
SF0,long,2019-02-20,2019-03-20,6048.0,6018.0,-0.004960317460317443,20
SF0,long,2019-07-15,2019-07-26,6338.0,6122.0,-0.03408015146733989,9
SF0,short,2019-08-29,2019-09-19,5682.0,5970.0,-0.04824120603015081,14
SF0,short,2019-12-04,2019-12-23,5738.0,5832.0,-0.016117969821673572,13
SF0,long,2020-11-04,2021-01-25,5958.0,7126.0,0.19603893924135618,57
SF0,long,2021-06-02,2021-06-22,8396.0,8134.0,-0.031205335874225804,13
SF0,long,2021-07-14,2021-10-22,8502.0,14104.0,0.6589037873441543,65
SF0,long,2022-01-28,2022-03-17,9046.0,9334.0,0.031837276144152105,29
SF0,long,2022-03-28,2022-04-27,9914.0,9970.0,0.00564857776881178,20
SF0,short,2022-08-18,2022-08-29,7498.0,7952.0,-0.05709255533199198,7
SF0,short,2022-09-07,2022-09-13,7702.0,8212.0,-0.062104237700925435,3
SF0,long,2022-12-05,2022-12-21,8466.0,8090.0,-0.04441294590125211,12
SF0,short,2023-03-09,2023-03-28,7884.0,8058.0,-0.021593447505584562,13
SF0,short,2023-04-06,2023-05-19,7682.0,7566.0,0.015331747290510123,28
SF0,short,2023-05-26,2023-06-20,7226.0,7216.0,0.0013858093126386528,17
SF0,short,2023-07-05,2023-08-02,6984.0,7128.0,-0.02020202020202022,20
SF0,short,2023-12-28,2024-01-26,6684.0,6766.0,-0.012119420632574651,20
SF0,short,2024-02-02,2024-02-26,6588.0,6628.0,-0.0060350030175014835,10
SF0,short,2024-03-11,2024-04-08,6502.0,6542.0,-0.0061143381228981886,18
SF0,long,2024-05-24,2024-06-06,7400.0,7302.0,-0.013243243243243219,9
SF0,short,2024-08-09,2024-09-27,6540.0,6430.0,0.01710730948678063,33
SF0,long,2024-10-29,2024-11-05,6532.0,6436.0,-0.014696876913655843,5
SF0,short,2024-11-29,2025-01-06,6318.0,6312.0,0.000950570342205248,25
SF0,long,2025-02-07,2025-02-13,6520.0,6282.0,-0.03650306748466259,4
SF0,short,2025-04-02,2025-05-16,5868.0,5704.0,0.028751753155680237,28
SF0,short,2025-05-27,2025-06-20,5452.0,5300.0,0.028679245283018906,17
SF0,long,2025-08-07,2025-08-20,6024.0,5622.0,-0.06673306772908372,9
SF0,short,2025-09-30,2025-10-27,5494.0,5564.0,-0.012580877066858398,13
SF0,short,2025-11-14,2025-12-16,5490.0,5482.0,0.0014593214155418366,22
SF0,long,2026-01-29,2026-02-10,5736.0,5580.0,-0.027196652719665315,8
SM0,short,2015-01-06,2015-01-14,6100.0,6160.0,-0.009740259740259716,6
SM0,short,2015-01-20,2015-05-07,5922.0,5396.0,0.09747961452928089,60
SM0,short,2015-06-05,2015-06-18,5114.0,5342.0,-0.0426806439535754,7
SM0,short,2015-06-30,2015-08-10,5060.0,5194.0,-0.025798998844820953,13
SM0,short,2015-08-18,2015-09-09,4926.0,5092.0,-0.03260015710919084,14
SM0,short,2015-09-29,2015-12-21,4962.0,3912.0,0.26840490797546,54
SM0,long,2016-02-05,2016-04-08,4426.0,5300.0,0.19746949841843642,38
SM0,long,2016-04-26,2016-05-05,5598.0,4924.0,-0.12040014290818146,6
SM0,short,2017-02-17,2017-03-13,6020.0,6410.0,-0.060842433697347875,16
SM0,long,2017-08-18,2017-09-06,7380.0,7160.0,-0.02981029810298108,13
SM0,long,2017-09-19,2017-09-25,7464.0,6596.0,-0.1162915326902465,4
SM0,short,2017-10-31,2017-11-08,6306.0,6534.0,-0.03489439853076215,6
SM0,long,2018-07-24,2018-08-29,8070.0,8592.0,0.0646840148698884,26
SM0,short,2018-10-08,2018-10-16,8256.0,8656.0,-0.04621072088724587,6
SM0,short,2018-12-17,2019-02-01,8078.0,7428.0,0.08750673128702213,32
SM0,short,2019-08-27,2019-11-20,7006.0,6164.0,0.13659961064244008,55
SM0,long,2020-01-21,2020-02-17,6418.0,6280.0,-0.021502025553131854,13
SM0,long,2020-04-10,2020-05-18,7016.0,6992.0,-0.0034207525655644,23
SM0,short,2020-06-29,2020-07-10,6466.0,6666.0,-0.030003000300030003,9
SM0,short,2020-07-16,2020-08-11,6296.0,6474.0,-0.027494593759654018,18
SM0,short,2020-08-20,2020-09-02,6236.0,6492.0,-0.039433148490449765,9
SM0,short,2020-10-26,2020-11-04,6008.0,6158.0,-0.024358557973367945,7
SM0,long,2021-02-18,2021-03-15,7482.0,7140.0,-0.045709703287890924,17
SM0,long,2021-05-20,2021-05-27,7580.0,7162.0,-0.055145118733509246,5
SM0,long,2021-05-31,2021-06-17,7772.0,7302.0,-0.06047349459598561,12
SM0,long,2021-06-28,2021-07-05,7692.0,7332.0,-0.046801872074882955,5
SM0,long,2021-08-20,2021-08-26,7954.0,7820.0,-0.016846869499622885,4
SM0,long,2021-08-30,2021-10-22,8338.0,10542.0,0.26433197409450715,32
SM0,long,2022-04-18,2022-04-27,9040.0,8520.0,-0.05752212389380529,7
SM0,short,2022-07-12,2022-08-03,7508.0,7394.0,0.015417906410603255,16
SM0,short,2022-08-22,2022-08-26,7012.0,7424.0,-0.055495689655172376,4
SM0,short,2022-09-01,2022-09-14,6942.0,7210.0,-0.037170596393897415,8
SM0,long,2022-12-30,2023-02-02,7684.0,7472.0,-0.027589796980739156,18
SM0,short,2023-02-28,2023-03-03,7406.0,7482.0,-0.010157711841753514,3
SM0,short,2023-03-06,2023-05-04,7392.0,7134.0,0.0361648444070648,39
SM0,short,2023-05-16,2023-06-29,6748.0,6646.0,0.015347577490219644,30
SM0,long,2023-08-31,2023-09-27,6918.0,7026.0,0.015611448395490113,19
SM0,short,2024-01-05,2024-01-30,6406.0,6420.0,-0.002180685358255441,17
SM0,short,2024-02-02,2024-02-26,6268.0,6344.0,-0.011979823455233296,10
SM0,short,2024-03-06,2024-04-10,6284.0,6216.0,0.010939510939510955,23
SM0,long,2024-05-24,2024-06-05,8978.0,8328.0,-0.07239919803965245,8
SM0,short,2024-10-21,2024-10-29,6128.0,6342.0,-0.03374329864396086,6
SM0,short,2025-04-08,2025-05-16,5962.0,5858.0,0.017753499487879854,25
SM0,short,2025-05-27,2025-06-23,5616.0,5610.0,0.0010695187165774556,18
SM0,short,2025-11-13,2025-12-03,5756.0,5724.0,0.005590496156533842,14
SN0,short,2015-08-06,2015-09-18,107350.0,101300.0,0.05972359328726551,29
SN0,short,2015-09-28,2015-12-15,97400.0,88820.0,0.09659986489529393,52
SN0,long,2016-02-22,2016-03-30,103290.0,105090.0,0.0174266627940749,27
SN0,long,2016-04-14,2016-04-28,112120.0,106780.0,-0.04762754191937213,10
SN0,long,2016-05-05,2016-05-17,113480.0,108220.0,-0.046351780049347924,8
SN0,short,2016-06-01,2016-06-08,106150.0,109270.0,-0.028553125285988856,5
SN0,long,2016-08-09,2016-09-14,122440.0,122750.0,0.0025318523358379696,26
SN0,long,2016-09-27,2016-12-01,127330.0,145740.0,0.14458493677844975,42
SN0,long,2016-12-15,2016-12-21,150720.0,144430.0,-0.041733014861995765,4
SN0,long,2017-01-02,2017-01-19,147700.0,148200.0,0.003385240352064889,13
SN0,short,2017-03-27,2017-04-10,142470.0,145220.0,-0.0189367855667264,8
SN0,short,2017-04-11,2017-05-03,141630.0,142960.0,-0.00930330162283155,15
SN0,long,2017-06-14,2017-07-10,146260.0,143420.0,-0.01941747572815533,18
SN0,long,2017-07-13,2017-08-15,145900.0,144700.0,-0.008224811514736086,23
SN0,short,2017-09-22,2017-09-28,144200.0,146320.0,-0.014488791689447833,4
SN0,short,2017-11-17,2017-12-27,142480.0,142890.0,-0.002869340051788072,28
SN0,long,2018-11-09,2018-11-26,149660.0,144980.0,-0.03127088066283579,11
SN0,short,2018-12-26,2019-01-11,144370.0,147290.0,-0.019824835358815962,10
SN0,long,2019-02-19,2019-03-07,150750.0,148540.0,-0.014660033167495867,12
SN0,short,2019-05-30,2019-06-13,143140.0,145530.0,-0.01642273070844502,9
SN0,short,2019-06-28,2019-08-08,143110.0,135300.0,0.05772357723577226,29
SN0,short,2019-08-19,2019-09-04,130210.0,140110.0,-0.0706587681107701,12
SN0,long,2019-10-16,2019-11-05,138790.0,136970.0,-0.01311333669572734,14
SN0,long,2020-06-08,2020-08-13,136980.0,141660.0,0.0341655716162943,46
SN0,long,2020-11-30,2020-12-03,149220.0,145900.0,-0.022249028280391325,3
SN0,long,2020-12-07,2021-01-13,148820.0,153240.0,0.029700309098239508,26
SN0,long,2021-01-20,2021-03-08,157870.0,170460.0,0.07974916070184324,28
SN0,long,2021-04-02,2021-06-22,182650.0,202350.0,0.1078565562551328,52
SN0,long,2021-06-30,2021-10-28,214620.0,258370.0,0.20384866275277225,79
SN0,long,2021-11-12,2021-12-08,287940.0,283090.0,-0.01684378690004862,18
SN0,long,2021-12-24,2022-03-16,289200.0,333520.0,0.153250345781466,52
SN0,long,2022-03-30,2022-04-15,346400.0,338220.0,-0.0236143187066975,10
SN0,short,2022-06-15,2022-07-28,246560.0,195230.0,0.2629206576858065,31
SN0,short,2022-08-31,2022-11-09,191080.0,170760.0,0.11899742328414153,44
SN0,long,2022-12-27,2023-02-13,205050.0,216420.0,0.055449890270665714,28
SN0,short,2023-04-11,2023-04-18,190730.0,222700.0,-0.1435563538392456,5
SN0,long,2023-06-30,2023-08-03,219700.0,229920.0,0.04651797906235777,24
SN0,short,2023-10-09,2023-10-18,214180.0,218060.0,-0.017793267907915244,7
SN0,short,2023-10-24,2023-11-15,214420.0,213750.0,0.0031345029239766564,16
SN0,short,2023-11-22,2023-12-08,206150.0,207050.0,-0.004346776141028741,12
SN0,long,2024-01-17,2024-02-07,212980.0,210090.0,-0.013569349234669903,15
SN0,long,2024-03-04,2024-06-05,218880.0,258440.0,0.18073830409356728,62
SN0,long,2024-07-01,2024-07-18,274030.0,267080.0,-0.025362186621902705,13
SN0,long,2025-02-05,2025-03-03,254960.0,255910.0,0.0037260746783809306,18
SN0,long,2025-03-12,2025-04-09,263480.0,254100.0,-0.0356004250797024,19
SN0,long,2025-07-22,2025-08-04,268800.0,266490.0,-0.008593749999999956,9
SN0,long,2025-08-12,2025-08-18,270200.0,267020.0,-0.011769059955588412,4
SN0,long,2025-08-26,2026-02-04,269760.0,392080.0,0.4534400948991697,108
SN0,long,2026-02-27,2026-03-09,453240.0,383710.0,-0.15340658370841054,6
SN0,long,2026-06-02,2026-06-08,449820.0,398490.0,-0.1141123115913032,4
SR0,short,2006-05-30,2006-09-18,4786.0,3511.0,0.36314440330390196,79
SR0,long,2006-11-09,2006-12-05,3882.0,3782.0,-0.02575991756826379,18
SR0,short,2007-05-18,2007-07-24,3691.0,3519.0,0.04887752202330198,46
SR0,long,2007-09-17,2007-11-02,3878.0,3872.0,-0.001547189272821048,29
SR0,long,2008-01-10,2008-01-15,4039.0,3955.0,-0.020797227036395194,3
SR0,short,2008-04-22,2008-05-19,3808.0,3893.0,-0.02183406113537123,19
SR0,short,2008-05-22,2008-05-30,3825.0,3897.0,-0.018475750577367167,6
SR0,short,2008-08-05,2008-09-12,3295.0,3300.0,-0.0015151515151514694,28
SR0,short,2008-09-24,2008-10-21,3162.0,3160.0,0.0006329113924050667,14
SR0,long,2008-11-19,2008-11-27,3285.0,3154.0,-0.03987823439878235,6
SR0,short,2008-12-25,2009-01-16,2964.0,3197.0,-0.07288082577416333,14
SR0,long,2009-03-16,2009-04-09,3862.0,3766.0,-0.024857586742620397,17
SR0,long,2009-04-21,2009-05-22,4125.0,4167.0,0.010181818181818292,23
SR0,long,2009-07-01,2009-07-14,4237.0,4114.0,-0.029029974038234596,9
SR0,long,2009-12-25,2010-01-14,5637.0,5455.0,-0.03228667731062618,13
SR0,long,2010-02-10,2010-03-02,5756.0,5310.0,-0.07748436414176507,9
SR0,long,2010-08-31,2010-11-17,5492.0,6285.0,0.14439184268026217,49
SR0,long,2010-12-13,2011-01-11,6674.0,7005.0,0.049595445010488515,20
SR0,long,2011-01-28,2011-02-22,7322.0,7233.0,-0.012155148866429988,12
SR0,short,2011-05-23,2011-05-30,6447.0,6683.0,-0.0353134819691755,5
SR0,long,2011-06-29,2011-08-09,6763.0,7245.0,0.0712701463847405,29
SR0,short,2011-11-11,2012-01-09,6682.0,6242.0,0.07049022749118872,38
SR0,long,2012-04-06,2012-04-23,6699.0,6445.0,-0.03791610688162417,11
SR0,short,2012-06-04,2012-07-05,5825.0,5945.0,-0.020185029436501245,22
SR0,short,2012-07-18,2012-08-17,5706.0,5508.0,0.03594771241830075,22
SR0,short,2012-08-28,2012-09-12,5316.0,5448.0,-0.024229074889867808,11
SR0,short,2012-09-24,2012-10-15,5177.0,5355.0,-0.03323996265172735,10
SR0,short,2012-10-26,2012-11-16,5146.0,5287.0,-0.026669188575751845,15
SR0,short,2013-05-21,2013-06-19,5165.0,5187.0,-0.004241372662425302,18
SR0,short,2013-06-27,2013-08-01,4974.0,4947.0,0.00545785324439052,25
SR0,long,2013-08-28,2013-10-29,5031.0,5172.0,0.02802623732856291,37
SR0,short,2014-01-02,2014-02-12,4789.0,4514.0,0.060921577315020015,23
SR0,long,2014-03-28,2014-05-06,4899.0,4720.0,-0.03653806899367218,25
SR0,short,2014-09-11,2014-09-30,4387.0,4637.0,-0.0539141686435195,13
SR0,long,2014-11-11,2014-12-02,4735.0,4578.0,-0.03315733896515316,15
SR0,long,2015-02-11,2015-03-11,5107.0,4955.0,-0.0297630702956726,15
SR0,long,2015-03-24,2015-05-18,5254.0,5561.0,0.05843167110772751,37
SR0,long,2015-06-02,2015-06-16,5608.0,5325.0,-0.05046362339514976,10
SR0,short,2015-08-06,2015-08-17,5133.0,5392.0,-0.04803412462908008,7
SR0,short,2015-08-25,2015-09-10,5129.0,5508.0,-0.06880900508351484,10
SR0,long,2016-04-18,2016-05-03,5691.0,5430.0,-0.04586188719030049,10
SR0,long,2016-07-20,2016-08-15,6247.0,6106.0,-0.022570834000320117,18
SR0,long,2016-08-22,2016-12-16,6242.0,6926.0,0.1095802627363025,77
SR0,short,2017-03-08,2017-04-12,6723.0,6726.0,-0.000446030330062408,23
SR0,short,2017-04-27,2017-05-18,6609.0,6717.0,-0.0160786065207682,14
SR0,short,2017-05-26,2017-08-08,6645.0,6232.0,0.06627086007702188,50
SR0,long,2017-12-06,2017-12-15,6506.0,5961.0,-0.08376882877343994,7
SR0,short,2018-03-06,2018-05-16,5669.0,5493.0,0.03204077917349357,47
SR0,short,2018-06-06,2018-07-31,5404.0,5120.0,0.055468749999999956,38
SR0,short,2018-08-29,2018-09-27,4990.0,4996.0,-0.0012009607686148671,20
SR0,short,2018-12-24,2019-01-18,4834.0,4961.0,-0.02559967748437819,17
SR0,long,2019-02-21,2019-03-08,5139.0,5074.0,-0.012648375170266624,11
SR0,short,2019-06-26,2019-07-04,4997.0,5111.0,-0.022304832713754608,6
SR0,long,2019-07-24,2019-08-29,5299.0,5363.0,0.012077750518965757,26
SR0,long,2019-09-09,2019-09-20,5549.0,5411.0,-0.024869345828077094,8
SR0,long,2019-09-27,2019-11-11,5532.0,5585.0,0.009580621836587033,26
SR0,long,2020-02-24,2020-03-05,5822.0,5728.0,-0.01614565441429061,8
SR0,short,2020-06-29,2020-07-07,4982.0,5142.0,-0.031116297160637907,6
SR0,short,2020-08-11,2020-08-26,5041.0,5156.0,-0.022304111714507413,11
SR0,long,2020-10-15,2020-10-27,5281.0,5237.0,-0.0083317553493657,8
SR0,short,2020-12-03,2020-12-21,5010.0,5186.0,-0.033937524103355154,12
SR0,long,2021-01-15,2021-01-26,5450.0,5268.0,-0.033394495412844005,7
SR0,long,2021-02-19,2021-03-11,5429.0,5384.0,-0.008288819303739148,14
SR0,short,2021-04-14,2021-04-20,5272.0,5443.0,-0.03141649825463899,4
SR0,long,2021-07-21,2021-08-04,5594.0,5576.0,-0.0032177332856632157,10
SR0,long,2021-08-06,2021-09-14,5680.0,5838.0,0.02781690140845061,27
SR0,long,2021-10-27,2021-11-25,6078.0,5985.0,-0.01530108588351431,21
SR0,short,2022-01-26,2022-02-25,5722.0,5754.0,-0.005561348627042051,17
SR0,long,2022-03-29,2022-04-01,5866.0,5792.0,-0.012615069894306163,3
SR0,long,2022-04-06,2022-04-27,5876.0,5866.0,-0.0017018379850238796,15
SR0,short,2022-07-25,2022-09-14,5662.0,5583.0,0.014150098513344034,36
SR0,short,2022-09-28,2022-10-12,5496.0,5602.0,-0.018921813637986395,5
SR0,long,2023-03-03,2023-05-30,6040.0,6870.0,0.13741721854304645,58
SR0,long,2023-06-15,2023-06-28,6984.0,6657.0,-0.04682130584192434,7
SR0,short,2024-05-17,2024-06-07,6160.0,6301.0,-0.02237740041263292,15
SR0,short,2024-06-18,2024-07-02,6004.0,6197.0,-0.031144101984831418,10
SR0,short,2024-08-07,2024-09-13,6036.0,5688.0,0.06118143459915615,27
SR0,long,2024-11-12,2024-11-18,5932.0,5833.0,-0.01668914362778151,4
SR0,long,2024-11-20,2024-12-19,5931.0,5894.0,-0.006238408362839287,21
SR0,long,2025-03-13,2025-04-10,5991.0,5966.0,-0.004172926055750259,19
SR0,short,2025-05-28,2025-06-27,5795.0,5792.0,0.00051795580110503,21
SR0,short,2025-08-29,2025-10-30,5604.0,5472.0,0.02412280701754388,38
SR0,short,2025-11-18,2025-12-26,5407.0,5285.0,0.023084200567644375,28
SR0,short,2026-01-20,2026-02-09,5183.0,5261.0,-0.014826078692263822,14
SR0,long,2026-03-27,2026-04-03,5464.0,5338.0,-0.023060029282576888,5
SR0,long,2026-06-02,2026-06-08,5433.0,5330.0,-0.01895821829560096,4
SS0,short,2020-01-02,2020-04-10,13805.0,12455.0,0.1083902047370533,64
SS0,long,2020-07-24,2020-09-11,13690.0,14215.0,0.0383491599707817,35
SS0,long,2020-10-28,2020-11-02,14775.0,13805.0,-0.06565143824027075,3
SS0,long,2021-02-01,2021-03-05,14450.0,14235.0,-0.01487889273356402,19
SS0,long,2021-05-31,2021-08-11,15750.0,18220.0,0.15682539682539676,51
SS0,short,2021-12-06,2021-12-27,16635.0,16720.0,-0.005083732057416301,15
SS0,long,2022-03-24,2022-04-12,21680.0,19555.0,-0.0980166051660517,11
SS0,short,2022-05-31,2022-09-06,18290.0,16375.0,0.11694656488549615,69
SS0,long,2022-10-18,2022-11-01,17180.0,16725.0,-0.026484284051222384,10
SS0,short,2023-02-28,2023-04-18,16480.0,15405.0,0.06978253813696855,34
SS0,short,2023-05-16,2023-06-05,14885.0,15025.0,-0.009317803660565671,14
SS0,long,2023-08-14,2023-09-11,15725.0,15655.0,-0.004451510333863262,20
SS0,short,2023-10-23,2023-12-19,14505.0,13805.0,0.05070626584570803,41
SS0,long,2024-05-21,2024-06-06,14505.0,14230.0,-0.018958979662185405,12
SS0,short,2024-07-11,2024-08-02,13870.0,14115.0,-0.017357421183138544,16
SS0,short,2024-08-08,2024-08-29,13800.0,13865.0,-0.004688063469166948,15
SS0,short,2024-09-03,2024-10-08,13530.0,13975.0,-0.031842576028622505,18
SS0,long,2025-01-27,2025-02-14,13330.0,13090.0,-0.01800450112528129,8
SS0,long,2025-03-03,2025-03-25,13250.0,13355.0,0.007924528301886724,16
SS0,short,2025-05-28,2025-06-30,12680.0,12610.0,0.0055511498810467685,22
SS0,long,2025-08-04,2025-08-21,12925.0,12795.0,-0.0100580270793037,13
SS0,short,2025-11-04,2025-12-03,12545.0,12465.0,0.006417970316887178,21
SS0,short,2025-12-17,2025-12-23,12380.0,12905.0,-0.04068190623789225,4
SS0,long,2026-03-02,2026-03-18,14365.0,14020.0,-0.024016707274625793,12
SS0,long,2026-03-25,2026-04-02,14490.0,14100.0,-0.026915113871635588,6
SS0,long,2026-04-10,2026-05-18,14465.0,14735.0,0.018665744901486425,23
T0,long,2017-07-17,2017-07-27,95.41,95.05,-0.0037731893931454152,8
T0,short,2017-08-28,2017-09-01,94.505,94.725,-0.002322512536289234,4
T0,short,2017-09-05,2017-09-11,94.495,95.045,-0.005786732600347122,4
T0,long,2018-04-16,2018-05-09,94.355,93.885,-0.004981188066345177,15
T0,long,2018-05-23,2018-07-24,94.67,95.29,0.006549065173761637,43
T0,long,2018-08-03,2018-08-10,96.17,95.385,-0.008162628678382022,5
T0,short,2018-09-10,2018-10-08,94.42,94.675,-0.0026934248745708045,14
T0,long,2018-12-06,2018-12-17,97.18,96.26,-0.009466968512039542,7
T0,long,2018-12-27,2019-01-25,97.31,97.635,0.003339841742883598,19
T0,long,2019-07-02,2019-08-23,98.06,98.775,0.007291454211707071,38
T0,long,2020-03-06,2020-05-11,101.48,101.635,0.001527394560504547,42
T0,short,2020-07-06,2020-07-23,98.935,99.655,-0.007224925994681608,13
T0,short,2020-08-06,2020-08-14,98.89,99.5,-0.006130653266331665,6
T0,short,2020-08-20,2020-09-23,98.185,98.415,-0.0023370421175634704,24
T0,short,2020-10-09,2020-10-26,97.455,97.99,-0.005459740789876433,11
T0,short,2020-12-18,2020-12-24,97.065,97.605,-0.0055325034578147525,4
T0,long,2021-01-22,2021-01-28,98.35,97.68,-0.006812404677173256,4
T0,long,2021-05-06,2021-06-04,98.075,98.02,-0.0005607953097119811,21
T0,long,2021-09-03,2021-09-09,100.275,99.88,-0.003939167289952694,4
T0,long,2021-11-24,2021-12-09,100.145,99.855,-0.00289580108842169,11
T0,long,2021-12-22,2022-02-15,100.315,100.53,0.002143248766385941,33
T0,long,2022-05-26,2022-06-02,100.965,100.385,-0.0057445649482493755,5
T0,long,2022-08-15,2022-08-29,101.94,101.48,-0.004512458308809086,10
T0,long,2023-04-07,2023-05-29,100.55,101.49,0.009348582794629579,33
T0,long,2023-06-09,2023-06-20,101.89,101.58,-0.0030424968102856775,7
T0,long,2023-07-07,2023-08-30,101.935,102.405,0.004610781380291362,38
T0,short,2023-10-19,2023-10-27,101.25,101.685,-0.004277917096916939,6
T0,long,2023-12-07,2024-03-26,102.06,103.765,0.01670585929845192,71
T0,long,2024-04-09,2024-04-30,104.24,104.115,-0.0011991557943208386,15
T0,long,2024-05-29,2024-08-14,104.5,105.69,0.01138755980861239,54
T0,long,2024-09-03,2024-10-08,106.065,105.345,-0.006788290199405966,18
T0,long,2025-01-03,2025-02-14,109.44,108.86,-0.005299707602339221,24
T0,short,2025-08-18,2025-09-18,108.015,108.08,-0.0006014063656550883,23
T0,short,2025-09-25,2025-10-10,107.61,107.98,-0.0034265604741618994,5
T0,short,2025-12-15,2025-12-22,107.87,107.98,-0.0010187071679940152,5
T0,long,2026-05-13,2026-06-08,108.83,109.115,0.0026187632086740464,18
TA0,short,2007-06-25,2007-07-20,8542.0,8678.0,-0.01567181378197746,18
TA0,short,2007-08-01,2007-09-04,8458.0,8260.0,0.02397094430992741,24
TA0,short,2007-09-25,2007-11-07,8012.0,7746.0,0.034340304673379896,26
TA0,short,2007-11-19,2007-12-13,7470.0,7356.0,0.015497553017944643,18
TA0,short,2007-12-20,2007-12-26,7076.0,7336.0,-0.03544165757906215,4
TA0,long,2008-01-29,2008-03-31,7454.0,8170.0,0.09605580896163124,38
TA0,short,2008-09-05,2008-11-27,7858.0,4686.0,0.6769099445155784,54
TA0,long,2009-01-08,2009-02-20,5522.0,5874.0,0.06374501992031867,26
TA0,long,2009-04-16,2009-05-14,7188.0,6890.0,-0.04145798553144131,20
TA0,long,2009-12-30,2010-01-28,8096.0,8008.0,-0.010869565217391353,20
TA0,long,2010-02-12,2010-03-15,8432.0,8086.0,-0.04103415559772294,16
TA0,short,2010-06-07,2010-06-23,7090.0,7384.0,-0.039815817984832025,10
TA0,short,2010-07-15,2010-07-27,6964.0,7490.0,-0.07022696929238981,8
TA0,long,2010-09-08,2010-11-25,7962.0,9610.0,0.20698317005777445,48
TA0,short,2011-05-05,2011-05-31,9872.0,9770.0,0.010440122824974418,18
TA0,short,2011-06-20,2011-07-15,9284.0,9326.0,-0.004503538494531445,19
TA0,long,2011-08-15,2011-09-20,9730.0,9704.0,-0.002672147995888996,25
TA0,short,2011-11-07,2011-12-06,8052.0,8372.0,-0.03822264691829913,20
TA0,long,2012-03-05,2012-03-15,9208.0,8826.0,-0.04148566463944392,8
TA0,short,2012-05-08,2012-07-03,8466.0,7590.0,0.11541501976284585,39
TA0,short,2012-09-06,2012-09-12,7496.0,7728.0,-0.03002070393374745,4
TA0,long,2012-10-11,2012-11-07,7902.0,7606.0,-0.0374588711718552,19
TA0,long,2013-01-31,2013-02-25,8656.0,8550.0,-0.012245841035120164,12
TA0,short,2013-04-17,2013-05-10,7692.0,7870.0,-0.022617534942820816,14
TA0,long,2013-08-30,2013-09-06,8028.0,7940.0,-0.01096163428001995,5
TA0,short,2013-10-17,2013-11-12,7612.0,7580.0,0.004221635883905117,18
TA0,short,2013-11-25,2014-03-27,7426.0,6522.0,0.1386077890217725,79
TA0,short,2014-04-18,2014-05-21,6312.0,6400.0,-0.01375000000000004,22
TA0,long,2014-07-22,2014-08-07,7480.0,6978.0,-0.06711229946524067,12
TA0,short,2014-09-30,2014-11-12,6146.0,5666.0,0.08471584892340278,25
TA0,short,2014-11-28,2015-01-23,5336.0,4762.0,0.120537589248215,38
TA0,long,2015-05-06,2015-05-15,5596.0,5304.0,-0.052180128663330994,7
TA0,short,2015-08-24,2015-09-14,4448.0,4658.0,-0.04508372692142548,13
TA0,short,2016-01-12,2016-02-02,4248.0,4342.0,-0.021649009672961794,15
TA0,long,2016-03-01,2016-05-09,4564.0,4774.0,0.04601226993865026,46
TA0,long,2016-09-08,2016-09-14,4870.0,4756.0,-0.02340862422997947,4
TA0,short,2016-10-14,2016-10-19,4724.0,4806.0,-0.017062005826050775,3
TA0,long,2016-11-10,2017-01-05,4992.0,5342.0,0.07011217948717952,39
TA0,long,2017-01-23,2017-02-23,5572.0,5536.0,-0.006460875807609456,18
TA0,short,2017-04-26,2017-05-23,4934.0,4984.0,-0.010032102728731895,18
TA0,short,2017-06-01,2017-06-30,4744.0,4854.0,-0.022661722290894137,21
TA0,long,2017-08-24,2017-09-15,5318.0,5256.0,-0.011658518239939797,16
TA0,long,2018-01-24,2018-02-05,5754.0,5668.0,-0.014946124435175512,8
TA0,long,2018-02-26,2018-03-09,5832.0,5582.0,-0.042866941015089144,9
TA0,long,2018-07-19,2018-09-13,5962.0,7482.0,0.2549480040254948,40
TA0,long,2018-10-11,2018-10-18,7444.0,7024.0,-0.05642127888232129,5
TA0,short,2018-12-25,2019-01-11,5750.0,6020.0,-0.04485049833887045,11
TA0,long,2019-03-05,2019-03-15,6636.0,6430.0,-0.031042796865581646,8
TA0,short,2019-06-03,2019-06-20,5190.0,5618.0,-0.07618369526521895,12
TA0,short,2019-09-30,2019-11-25,5116.0,4808.0,0.0640599001663893,35
TA0,short,2020-02-28,2020-04-10,4252.0,3576.0,0.18903803131991048,29
TA0,long,2020-09-02,2020-09-07,3800.0,3726.0,-0.01947368421052631,3
TA0,short,2020-10-28,2020-11-20,3440.0,3472.0,-0.009216589861751112,17
TA0,long,2021-01-06,2021-01-26,3952.0,3890.0,-0.01568825910931171,14
TA0,long,2021-02-02,2021-03-17,4148.0,4550.0,0.09691417550626813,26
TA0,long,2021-04-06,2021-05-17,4618.0,4666.0,0.01039411000433077,26
TA0,long,2021-06-01,2021-06-09,4842.0,4690.0,-0.03139198678232136,6
TA0,long,2021-06-16,2021-08-11,4880.0,5282.0,0.08237704918032795,40
TA0,long,2022-01-27,2022-02-18,5496.0,5388.0,-0.01965065502183405,11
TA0,long,2022-03-02,2022-03-17,5988.0,5700.0,-0.04809619238476959,11
TA0,long,2022-03-25,2022-03-31,6306.0,6072.0,-0.0371075166508088,4
TA0,long,2022-04-20,2022-06-21,6180.0,6902.0,0.1168284789644014,40
TA0,short,2022-08-17,2022-08-26,5424.0,5634.0,-0.03727369542066028,7
TA0,short,2022-09-23,2022-11-15,5518.0,5370.0,0.0275605214152701,32
TA0,short,2022-11-22,2022-12-15,5140.0,5284.0,-0.027252081756245272,17
TA0,long,2023-01-13,2023-02-14,5580.0,5466.0,-0.02043010752688168,17
TA0,long,2023-02-28,2023-03-16,5618.0,5524.0,-0.016731933072267724,12
TA0,long,2023-03-21,2023-04-13,5852.0,5868.0,0.002734107997265811,16
TA0,long,2023-08-22,2023-09-28,6006.0,6194.0,0.03130203130203135,27
TA0,short,2023-11-23,2023-12-20,5774.0,5852.0,-0.01332877648667119,19
TA0,long,2024-01-19,2024-02-05,5898.0,5852.0,-0.007799253984401511,11
TA0,long,2024-06-11,2024-07-10,5946.0,5894.0,-0.00874537504204509,21
TA0,short,2024-09-02,2024-10-08,5140.0,5310.0,-0.032015065913371,19
TA0,short,2024-10-29,2024-12-17,4862.0,5016.0,-0.030701754385964897,35
TA0,short,2025-04-07,2025-04-30,4550.0,4434.0,0.02616147947677039,17
TA0,long,2025-06-16,2025-07-07,4766.0,4710.0,-0.011749895090222395,15
TA0,short,2025-09-30,2025-10-29,4594.0,4636.0,-0.009059534081104381,15
TA0,long,2025-12-01,2026-01-19,4762.0,5030.0,0.05627887442251156,33
TA0,long,2026-01-23,2026-02-09,5448.0,5192.0,-0.0469897209985316,11
TA0,long,2026-03-02,2026-04-10,5552.0,6304.0,0.13544668587896247,28
TA0,long,2026-04-28,2026-05-14,6772.0,6288.0,-0.07147076196101598,9
TF0,short,2017-12-13,2017-12-19,96.165,96.395,-0.0023860158721924485,4
TF0,long,2018-04-16,2018-05-17,97.35,97.45,0.0010272213662045893,21
TF0,long,2018-06-15,2018-07-24,97.795,98.095,0.0030676414949639685,26
TF0,long,2018-08-01,2018-08-10,98.63,97.985,-0.006539592416100581,7
TF0,short,2018-09-10,2018-09-28,97.45,97.76,-0.003171031096563026,13
TF0,long,2018-12-06,2018-12-17,99.045,98.57,-0.0047957998889394116,7
TF0,long,2018-12-27,2019-02-26,99.145,99.085,-0.0006051742397499282,36
TF0,long,2019-07-01,2019-08-22,99.435,99.955,0.00522954694021216,38
TF0,long,2019-11-29,2019-12-04,100.07,99.67,-0.003997201958628849,3
TF0,long,2020-03-06,2020-05-13,101.93,104.065,0.020945747081330124,44
TF0,short,2020-06-17,2020-07-02,101.3,101.685,-0.0037862024880759293,9
TF0,short,2020-07-07,2020-07-23,100.615,101.2,-0.005780632411067299,12
TF0,short,2020-08-06,2020-09-17,100.49,99.895,0.005956254066770139,30
TF0,short,2020-10-09,2020-10-29,99.435,99.815,-0.003807043029604773,14
TF0,short,2020-11-09,2020-12-10,99.565,99.48,0.0008544431041415113,23
TF0,short,2021-03-04,2021-03-09,99.15,99.315,-0.001661380456124406,3
TF0,long,2021-04-30,2021-05-31,100.025,100.015,-9.99750062484761e-05,18
TF0,long,2021-09-02,2021-09-09,101.26,101.015,-0.002419514122062094,5
TF0,long,2021-09-24,2021-10-12,101.09,100.74,-0.0034622613512712563,7
TF0,long,2021-11-24,2021-12-03,101.17,100.92,-0.002471088267272936,7
TF0,long,2021-12-14,2022-02-15,101.27,101.855,0.005776636713735739,39
TF0,long,2022-05-26,2022-06-02,101.84,101.395,-0.0043695993715633374,5
TF0,long,2022-08-15,2022-08-24,102.43,101.9,-0.005174265351947649,7
TF0,long,2023-04-07,2023-06-20,101.08,101.82,0.007320933913731675,49
TF0,long,2023-06-30,2023-08-01,102.18,102.145,-0.0003425327852809579,22
TF0,long,2023-08-08,2023-08-29,102.325,102.205,-0.0011727339359882683,15
TF0,short,2023-10-11,2023-10-27,101.59,101.79,-0.0019648295510364955,12
TF0,long,2024-01-25,2024-03-14,102.725,102.805,0.0007787782915551489,29
TF0,long,2024-03-29,2024-04-30,103.205,103.17,-0.0003391308560631856,20
TF0,long,2024-05-28,2024-08-14,103.47,104.425,0.009229728423697736,55
TF0,long,2024-09-02,2024-10-08,104.7,104.34,-0.0034383954154727503,19
TF0,long,2025-01-06,2025-01-13,106.85,106.315,-0.005007019185774397,5
TF0,short,2025-03-07,2025-03-28,105.475,105.65,-0.001656412683388675,15
TF0,short,2025-05-29,2025-06-06,105.87,106.14,-0.0025438100621819615,5
TF0,short,2025-08-18,2025-09-05,105.455,105.59,-0.0012785301638412738,14
TF0,long,2026-03-04,2026-03-11,106.145,105.945,-0.0018842149889302107,5
TF0,long,2026-03-30,2026-05-27,106.09,106.3,0.001979451409180877,38
V0,short,2009-11-05,2009-11-12,6690.0,7050.0,-0.051063829787234005,5
V0,long,2009-12-02,2010-01-27,7290.0,7560.0,0.03703703703703698,39
V0,short,2010-06-02,2010-07-26,7240.0,7160.0,0.011173184357541999,35
V0,long,2010-09-07,2010-10-20,7645.0,7770.0,0.01635055591890122,23
V0,long,2010-11-03,2010-11-25,8065.0,8460.0,0.04897706137631741,16
V0,short,2011-06-14,2011-07-06,8045.0,8145.0,-0.012277470841006721,16
V0,short,2011-09-16,2011-11-08,7760.0,6970.0,0.11334289813486365,32
V0,short,2011-11-25,2011-12-06,6595.0,6900.0,-0.04420289855072468,6
V0,long,2012-01-17,2012-02-16,6985.0,6875.0,-0.015748031496062964,17
V0,long,2012-03-19,2012-03-30,7105.0,6920.0,-0.026038001407459488,9
V0,short,2012-06-04,2012-07-05,6360.0,6585.0,-0.034168564920273314,22
V0,long,2013-01-29,2013-02-08,6710.0,6640.0,-0.010432190760059634,8
V0,long,2013-08-08,2013-08-16,6815.0,6720.0,-0.013939838591342624,6
V0,short,2013-10-22,2013-11-26,6425.0,6365.0,0.009426551453260101,24
V0,short,2014-06-06,2014-06-24,6040.0,6085.0,-0.007395234182415722,12
V0,short,2014-07-03,2014-07-31,6055.0,6065.0,-0.0016488046166529546,20
V0,short,2014-08-05,2014-09-02,6025.0,6040.0,-0.002483443708609312,20
V0,short,2014-09-12,2014-10-29,5940.0,5795.0,0.025021570319240682,27
V0,short,2015-01-09,2015-02-05,5185.0,5110.0,0.014677103718199636,19
V0,long,2015-03-18,2015-04-21,5335.0,5605.0,0.05060918462980313,23
V0,long,2015-04-29,2015-05-22,5765.0,5795.0,0.005203816131829964,16
V0,short,2015-07-07,2015-08-06,5305.0,5315.0,-0.0018814675446848783,22
V0,short,2015-08-17,2015-11-26,5170.0,4620.0,0.11904761904761907,67
V0,long,2016-03-16,2016-03-29,5375.0,5020.0,-0.06604651162790698,9
V0,long,2016-08-08,2016-08-22,5970.0,5690.0,-0.04690117252931325,10
V0,short,2017-03-08,2017-03-16,6410.0,6670.0,-0.038980509745127456,6
V0,long,2017-06-14,2017-06-15,5975.0,5890.0,-0.014225941422594146,1
V0,long,2017-08-02,2017-09-15,7135.0,7140.0,0.0007007708479327412,32
V0,short,2017-11-15,2017-12-05,6035.0,6435.0,-0.0621600621600622,14
V0,long,2018-01-03,2018-01-18,6770.0,6625.0,-0.021418020679468297,11
V0,long,2018-01-26,2018-02-12,6930.0,6640.0,-0.0418470418470418,11
V0,short,2018-03-28,2018-04-03,6210.0,6465.0,-0.03944315545243615,4
V0,long,2018-06-04,2018-06-25,6865.0,6770.0,-0.0138383102694829,14
V0,long,2018-07-11,2018-08-27,6930.0,7040.0,0.015873015873015817,33
V0,short,2018-09-26,2018-11-19,6635.0,6410.0,0.035101404056162355,33
V0,short,2018-12-10,2018-12-20,6265.0,6465.0,-0.030935808197989134,8
V0,long,2019-03-04,2019-03-18,6505.0,6235.0,-0.04150653343581856,10
V0,short,2019-08-14,2019-09-17,6655.0,6640.0,0.0022590361445782303,23
V0,short,2019-09-27,2019-11-04,6410.0,6475.0,-0.010038610038610063,21
V0,short,2020-01-15,2020-02-25,6485.0,6340.0,0.022870662460567903,23
V0,short,2020-03-09,2020-04-29,6080.0,5460.0,0.1135531135531136,36
V0,long,2020-07-07,2020-08-11,6540.0,6535.0,-0.000764525993883769,25
V0,long,2020-09-02,2020-09-08,6725.0,6555.0,-0.02527881040892188,4
V0,long,2020-09-21,2020-09-28,6715.0,6570.0,-0.021593447505584562,5
V0,long,2020-10-28,2020-12-18,6885.0,7520.0,0.09222948438634715,37
V0,long,2021-03-15,2021-04-13,9150.0,8595.0,-0.060655737704918056,20
V0,long,2021-04-23,2021-05-24,9040.0,8635.0,-0.044800884955752185,18
V0,short,2021-06-17,2021-06-30,8585.0,8695.0,-0.012650948821161578,9
V0,long,2021-08-11,2021-10-22,9325.0,10225.0,0.09651474530831106,45
V0,long,2022-03-17,2022-04-15,9042.0,9073.0,0.003428445034284522,19
V0,short,2022-06-15,2022-07-29,8173.0,6883.0,0.18741827691413637,32
V0,short,2022-08-19,2022-09-13,6440.0,6541.0,-0.015441064057483578,16
V0,short,2022-09-19,2022-11-15,6156.0,5894.0,0.04445198506956216,36
V0,long,2023-01-11,2023-02-02,6405.0,6216.0,-0.02950819672131144,11
V0,short,2023-04-12,2023-04-20,6112.0,6200.0,-0.014193548387096744,6
V0,short,2023-04-26,2023-06-16,6048.0,5812.0,0.04060564349621476,34
V0,long,2023-08-22,2023-09-25,6284.0,6247.0,-0.005887969446212615,24
V0,short,2023-11-20,2023-12-19,6014.0,5995.0,0.003169307756463624,21
V0,short,2024-01-22,2024-01-25,5832.0,5933.0,-0.017023428282487818,3
V0,short,2024-01-31,2024-02-29,5798.0,5942.0,-0.024234264557388085,15
V0,long,2024-03-18,2024-03-27,5920.0,5825.0,-0.01604729729729726,7
V0,short,2024-09-05,2024-09-27,5330.0,5557.0,-0.040849379161418065,14
V0,short,2025-01-07,2025-01-15,5087.0,5276.0,-0.03582259287338896,6
V0,short,2025-04-07,2025-05-16,4929.0,4947.0,-0.0036385688295936802,26
V0,short,2025-05-27,2025-06-17,4793.0,4833.0,-0.008276432857438398,14
V0,short,2025-09-30,2025-12-18,4839.0,4708.0,0.02782497875955814,51
V0,long,2026-01-30,2026-02-24,5063.0,4948.0,-0.02271380604384754,11
V0,long,2026-03-06,2026-04-01,5276.0,5256.0,-0.0037907505686125553,18
V0,short,2026-06-05,2026-06-08,4767.0,4778.0,-0.0023022185014650587,1
Y0,long,2006-05-26,2006-06-16,5222.0,5222.0,0.0,15
Y0,long,2006-09-11,2006-09-22,5660.0,5556.0,-0.0183745583038869,9
Y0,short,2007-03-05,2007-03-15,6424.0,6520.0,-0.014723926380368124,8
Y0,long,2007-05-11,2007-06-15,7084.0,7644.0,0.07905138339920947,25
Y0,long,2007-07-03,2007-08-17,7884.0,7842.0,-0.0053272450532724225,32
Y0,long,2007-12-14,2008-01-24,9684.0,10428.0,0.076827757125155,29
Y0,long,2008-02-05,2008-03-12,11468.0,11690.0,0.01935821416114414,21
Y0,long,2008-07-01,2008-07-09,12092.0,11622.0,-0.0388686735031426,6
Y0,short,2008-09-09,2008-11-05,8366.0,6768.0,0.23611111111111116,36
Y0,short,2008-11-21,2008-12-26,5842.0,6048.0,-0.034060846560846514,25
Y0,long,2009-02-09,2009-02-20,6582.0,6008.0,-0.08720753570343365,9
Y0,long,2009-05-04,2009-06-16,7332.0,7634.0,0.04118930714675395,29
Y0,long,2009-08-28,2009-09-02,7614.0,7116.0,-0.06540583136327816,3
Y0,long,2010-01-04,2010-01-11,8050.0,7802.0,-0.0308074534161491,5
Y0,long,2010-03-30,2010-05-10,7578.0,7732.0,0.020321984692531103,27
Y0,short,2010-06-07,2010-06-22,7434.0,7618.0,-0.024153321081648693,8
Y0,short,2010-06-30,2010-07-16,7420.0,7576.0,-0.02059134107708549,12
Y0,long,2010-09-08,2010-11-18,8234.0,9384.0,0.13966480446927365,43
Y0,long,2010-12-06,2011-01-27,9858.0,10400.0,0.054980726313653916,37
Y0,long,2011-02-10,2011-02-18,10874.0,10360.0,-0.04726871436453928,6
Y0,long,2011-04-20,2011-05-04,10370.0,10124.0,-0.023722275795564074,9
Y0,long,2011-08-02,2011-08-08,10330.0,10010.0,-0.030977734753146136,4
Y0,short,2011-10-20,2011-12-21,9066.0,8826.0,0.027192386131883017,43
Y0,long,2012-02-02,2012-05-04,9094.0,9770.0,0.07433472619309445,61
Y0,short,2012-06-04,2012-06-13,8974.0,9278.0,-0.03276568225910759,7
Y0,short,2012-11-02,2012-12-03,8880.0,8684.0,0.022570244127130268,21
Y0,short,2013-04-01,2013-05-21,7808.0,7444.0,0.04889844169801183,31
Y0,short,2013-06-26,2013-08-15,7332.0,7124.0,0.029197080291970767,36
Y0,long,2013-11-22,2013-12-09,7302.0,7222.0,-0.010955902492467806,11
Y0,short,2014-01-28,2014-02-11,6436.0,6618.0,-0.027500755515261432,5
Y0,long,2014-04-04,2014-04-25,7066.0,6974.0,-0.013020096235493939,14
Y0,short,2014-08-14,2014-09-17,6112.0,6058.0,0.008913832948167721,23
Y0,short,2014-09-23,2014-10-31,5830.0,6022.0,-0.031883095317170373,23
Y0,short,2014-11-28,2014-12-31,5800.0,5744.0,0.009749303621169991,23
Y0,short,2015-01-16,2015-02-17,5612.0,5566.0,0.008264462809917328,22
Y0,short,2015-03-30,2015-04-15,5372.0,5570.0,-0.03554757630161576,11
Y0,long,2015-06-17,2015-07-08,5922.0,5474.0,-0.07565011820330969,13
Y0,short,2015-08-24,2015-10-12,5344.0,5628.0,-0.05046197583511014,30
Y0,long,2015-12-25,2016-01-13,5640.0,5542.0,-0.017375886524822692,12
Y0,long,2016-03-09,2016-05-04,5804.0,6170.0,0.06305995864920755,37
Y0,long,2016-08-09,2016-09-02,6254.0,6196.0,-0.009274064598656873,18
Y0,long,2016-09-21,2016-11-16,6354.0,6666.0,0.04910292728989618,35
Y0,long,2016-11-23,2016-12-22,6824.0,6978.0,0.02256740914419697,21
Y0,short,2017-03-08,2017-05-10,6538.0,5908.0,0.10663507109004744,42
Y0,short,2017-05-31,2017-06-19,5670.0,5914.0,-0.04125803178897536,13
Y0,long,2017-07-27,2017-09-20,6306.0,6324.0,0.0028544243577546258,39
Y0,short,2017-11-14,2017-12-05,6026.0,5978.0,0.008029441284710614,15
Y0,short,2017-12-14,2018-01-11,5806.0,5786.0,0.003456619426201124,19
Y0,short,2018-02-02,2018-02-27,5630.0,5766.0,-0.02358654179673947,12
Y0,short,2018-05-28,2018-05-31,5750.0,5844.0,-0.01608487337440112,3
Y0,short,2018-07-13,2018-07-30,5470.0,5814.0,-0.05916752665978675,11
Y0,long,2018-09-11,2018-09-20,5906.0,5750.0,-0.026413816457839467,7
Y0,short,2018-12-14,2018-12-21,5354.0,5442.0,-0.016170525542080094,5
Y0,long,2019-03-06,2019-03-14,5798.0,5596.0,-0.03483959986202134,6
Y0,short,2019-04-23,2019-05-20,5504.0,5464.0,0.007320644216691097,16
Y0,short,2019-07-19,2019-07-24,5402.0,5492.0,-0.01638747268754548,3
Y0,long,2019-12-10,2020-01-17,6378.0,6596.0,0.03417999372844149,27
Y0,short,2020-03-09,2020-03-27,5466.0,5510.0,-0.007985480943738632,14
Y0,short,2020-04-21,2020-05-19,5340.0,5422.0,-0.01512357063814096,17
Y0,long,2020-06-19,2020-07-01,5804.0,5662.0,-0.024465885596140602,6
Y0,long,2020-07-06,2020-08-12,5840.0,6130.0,0.04965753424657526,27
Y0,long,2020-08-18,2020-09-28,6474.0,6924.0,0.06950880444856344,29
Y0,long,2020-10-27,2020-12-16,7290.0,7558.0,0.03676268861454046,36
Y0,long,2020-12-25,2021-01-18,7940.0,7744.0,-0.02468513853904286,15
Y0,long,2021-08-11,2021-08-24,9290.0,8990.0,-0.03229278794402579,9
Y0,long,2021-09-07,2021-09-14,9206.0,8978.0,-0.02476645665870081,5
Y0,long,2021-09-24,2021-11-08,9222.0,9404.0,0.019735415311212368,26
Y0,long,2022-05-24,2022-06-17,11480.0,11354.0,-0.01097560975609757,17
Y0,long,2022-08-24,2022-09-05,10020.0,9520.0,-0.04990019960079839,8
Y0,long,2022-11-03,2022-11-11,9560.0,9350.0,-0.021966527196652708,6
Y0,short,2022-12-12,2023-01-04,8962.0,8808.0,0.017484105358764657,16
Y0,short,2023-01-13,2023-01-20,8534.0,8788.0,-0.028903049613108744,5
Y0,short,2023-04-19,2023-06-13,7914.0,7224.0,0.095514950166113,36
Y0,long,2023-07-20,2023-08-18,8252.0,8084.0,-0.020358700920988904,21
Y0,long,2023-08-25,2023-09-12,8486.0,8274.0,-0.024982323827480557,12
Y0,short,2024-01-30,2024-03-04,7204.0,7418.0,-0.02884874629280132,18
Y0,long,2024-10-23,2024-11-15,8466.0,8274.0,-0.0226789510985117,17
Y0,long,2025-07-17,2025-08-29,8072.0,8358.0,0.03543111992071357,31
Y0,short,2025-10-24,2025-11-12,8194.0,8288.0,-0.011341698841698888,13
Y0,long,2026-02-27,2026-04-10,8226.0,8506.0,0.03403841478239733,29
Y0,long,2026-04-30,2026-05-18,8605.0,8475.0,-0.015107495642068591,9
Y0,long,2026-05-20,2026-05-25,8636.0,8440.0,-0.022695692450208416,3
ZN0,long,2007-08-09,2007-08-14,28390.0,28010.0,-0.013384994716449494,3
ZN0,short,2007-09-06,2007-10-16,26380.0,26810.0,-0.016038791495710525,23
ZN0,long,2008-02-21,2008-03-20,20525.0,19420.0,-0.05383678440925699,20
ZN0,short,2008-07-07,2008-08-29,15170.0,14260.0,0.06381486676016834,39
ZN0,short,2008-10-07,2008-11-17,12845.0,9645.0,0.3317781233799897,29
ZN0,long,2009-05-07,2009-07-06,13210.0,13280.0,0.005299015897047621,40
ZN0,long,2009-07-20,2009-09-02,13880.0,14935.0,0.07600864553314124,32
ZN0,long,2009-09-07,2009-09-15,15665.0,15150.0,-0.03287583785509096,6
ZN0,long,2009-10-09,2010-01-25,15855.0,20025.0,0.2630085146641439,75
ZN0,short,2010-03-24,2010-03-31,18375.0,18975.0,-0.031620553359683834,5
ZN0,short,2010-06-04,2010-06-25,14470.0,15010.0,-0.035976015989340415,13
ZN0,long,2010-09-03,2010-11-16,17745.0,18445.0,0.03944773175542404,44
ZN0,short,2011-09-19,2011-10-27,16285.0,15145.0,0.07527236711786078,23
ZN0,short,2012-06-04,2012-06-19,14550.0,14880.0,-0.022177419354838745,11
ZN0,short,2012-06-26,2012-07-05,14315.0,14850.0,-0.036026936026936074,7
ZN0,long,2013-01-24,2013-02-25,15470.0,15550.0,0.005171299288946329,17
ZN0,short,2013-04-18,2013-05-28,14290.0,14550.0,-0.017869415807560185,25
ZN0,long,2014-01-16,2014-01-28,15270.0,15020.0,-0.016371971185330736,8
ZN0,long,2014-03-04,2014-03-11,15320.0,14765.0,-0.03622715404699739,5
ZN0,long,2014-06-09,2014-08-12,15375.0,16760.0,0.09008130081300814,46
ZN0,long,2014-09-02,2014-09-11,17010.0,16270.0,-0.04350382128159902,6
ZN0,short,2014-10-17,2014-10-27,16170.0,16555.0,-0.023255813953488413,6
ZN0,short,2015-07-27,2015-09-01,14750.0,14680.0,0.004768392370572139,26
ZN0,short,2015-09-16,2015-10-13,14440.0,14565.0,-0.008582217645039525,15
ZN0,short,2015-10-30,2015-12-15,13730.0,12725.0,0.07897838899803533,32
ZN0,long,2016-04-14,2016-05-10,14865.0,14715.0,-0.010090817356205872,17
ZN0,long,2016-06-02,2016-09-14,15580.0,17570.0,0.12772785622593075,72
ZN0,long,2016-09-30,2016-10-14,18275.0,17825.0,-0.024623803009575895,5
ZN0,long,2016-10-20,2016-12-20,18275.0,20990.0,0.14856361149110797,43
ZN0,long,2017-03-29,2017-04-11,23380.0,21325.0,-0.08789563729683492,7
ZN0,short,2017-06-05,2017-06-26,21430.0,22110.0,-0.03075531433740386,15
ZN0,long,2017-08-08,2017-09-08,23845.0,24575.0,0.03061438456699528,23
ZN0,long,2017-09-27,2017-10-19,25890.0,25195.0,-0.02684434144457315,11
ZN0,long,2017-11-01,2017-11-09,26155.0,25495.0,-0.02523418084496276,6
ZN0,short,2017-11-27,2017-12-15,25020.0,25355.0,-0.013212384145139033,14
ZN0,long,2018-01-29,2018-02-12,27055.0,25940.0,-0.04121234522269446,10
ZN0,short,2018-04-12,2018-05-30,23625.0,23960.0,-0.013981636060100167,32
ZN0,short,2018-08-15,2018-08-28,20500.0,21495.0,-0.046289834845312905,9
ZN0,short,2018-11-23,2018-12-06,20890.0,20920.0,-0.001434034416825991,9
ZN0,short,2018-12-25,2019-01-18,20640.0,21480.0,-0.03910614525139666,16
ZN0,long,2019-03-01,2019-03-11,22300.0,21540.0,-0.03408071748878927,6
ZN0,long,2019-03-22,2019-04-18,21995.0,21535.0,-0.020913844055467146,18
ZN0,short,2019-06-17,2019-07-31,19900.0,19385.0,0.02656693319576986,32
ZN0,short,2019-08-08,2019-08-30,18665.0,18745.0,-0.0042678047479327574,16
ZN0,short,2019-10-25,2019-10-30,18675.0,19105.0,-0.022507197068830198,3
ZN0,short,2020-03-16,2020-04-07,15540.0,15845.0,-0.01924897443988638,15
ZN0,long,2020-06-18,2020-09-09,16720.0,19275.0,0.1528110047846889,57
ZN0,long,2020-12-11,2020-12-31,21525.0,20675.0,-0.03948896631823462,14
ZN0,long,2021-03-11,2021-04-02,21775.0,21460.0,-0.014466130884041362,16
ZN0,long,2021-04-09,2021-04-14,21915.0,21335.0,-0.026465890942277026,3
ZN0,long,2021-04-27,2021-05-26,22235.0,22305.0,0.0031481897908702816,18
ZN0,long,2021-05-28,2021-06-08,23045.0,22505.0,-0.02343241484052938,7
ZN0,long,2021-08-06,2021-09-02,22580.0,22270.0,-0.013728963684676687,19
ZN0,long,2021-09-08,2021-10-29,22630.0,23470.0,0.03711886875828552,30
ZN0,short,2021-12-02,2021-12-10,22895.0,23445.0,-0.023459159735551238,6
ZN0,long,2022-01-28,2022-02-23,25295.0,25095.0,-0.007906700929037336,13
ZN0,long,2022-03-03,2022-03-16,26120.0,25475.0,-0.024693721286370596,9
ZN0,long,2022-03-25,2022-05-09,26380.0,26205.0,-0.006633813495071972,26
ZN0,short,2022-06-20,2022-08-01,25285.0,24060.0,0.050914380714879526,30
ZN0,long,2022-09-22,2022-09-28,24840.0,23260.0,-0.06360708534621573,4
ZN0,short,2022-11-25,2022-12-01,23700.0,24500.0,-0.03265306122448974,4
ZN0,short,2023-03-10,2023-06-15,22870.0,20355.0,0.12355686563497903,65
ZN0,long,2024-04-08,2024-06-07,21725.0,24165.0,0.11231300345224393,41
ZN0,long,2024-06-28,2024-07-19,24665.0,23450.0,-0.049260085140887866,15
ZN0,long,2024-10-24,2024-10-30,25925.0,25030.0,-0.03452266152362582,4
ZN0,long,2024-11-22,2024-12-20,25170.0,25155.0,-0.0005959475566150729,20
ZN0,short,2025-02-28,2025-03-10,23425.0,23835.0,-0.017201594294105282,6
ZN0,short,2025-06-10,2025-06-30,21845.0,22495.0,-0.028895310068904223,14
ZN0,long,2025-07-18,2025-08-04,22295.0,22255.0,-0.0017941242431038784,11
ZN0,short,2025-09-19,2025-10-13,22040.0,22255.0,-0.009660750393170048,10
ZN0,short,2025-10-17,2025-10-27,21830.0,22365.0,-0.023921305611446453,6
ZN0,long,2025-12-02,2026-02-09,22745.0,24565.0,0.0800175862826995,47
ZN0,long,2026-05-06,2026-06-08,24250.0,24630.0,0.015670103092783494,23
