d,o,h,l,c,v,p,s
2018-12-10,5600.000,5781.000,5550.000,5674.000,674676,69526,5687.000
2018-12-11,5618.000,5680.000,5497.000,5541.000,481954,83122,5577.000
2018-12-12,5580.000,5598.000,5513.000,5544.000,301986,88512,5551.000
2018-12-13,5519.000,5646.000,5475.000,5591.000,356924,89988,5560.000
2018-12-14,5647.000,5666.000,5583.000,5606.000,187864,93730,5620.000
2018-12-17,5592.000,5637.000,5566.000,5618.000,123774,99192,5615.000
2018-12-18,5588.000,5628.000,5570.000,5627.000,122752,95662,5602.000
2018-12-19,5579.000,5635.000,5551.000,5620.000,147788,88840,5590.000
2018-12-20,5628.000,5635.000,5564.000,5576.000,99196,90096,5599.000
2018-12-21,5561.000,5576.000,5320.000,5418.000,551084,111700,5410.000
2018-12-24,5380.000,5385.000,5306.000,5332.000,252940,122960,5344.000
2018-12-25,5200.000,5231.000,5128.000,5174.000,316626,120146,5174.000
2018-12-26,5200.000,5229.000,5128.000,5152.000,272420,121010,5169.000
2018-12-27,5301.000,5377.000,5135.000,5135.000,315554,142086,5215.000
2018-12-28,5141.000,5166.000,5088.000,5134.000,331090,125940,5122.000
2019-01-02,5105.000,5134.000,5046.000,5051.000,245416,144434,5084.000
2019-01-03,5093.000,5152.000,5068.000,5127.000,266202,146582,5111.000
2019-01-04,5150.000,5181.000,5094.000,5152.000,283824,145528,5137.000
2019-01-07,5167.000,5200.000,5125.000,5133.000,219654,167040,5155.000
2019-01-08,5140.000,5168.000,5066.000,5080.000,328800,188176,5100.000
2019-01-09,5136.000,5187.000,5111.000,5122.000,353632,192814,5153.000
2019-01-10,5162.000,5168.000,5087.000,5092.000,292108,213914,5137.000
2019-01-11,5080.000,5135.000,5067.000,5117.000,307904,225296,5100.000
2019-01-14,5125.000,5177.000,5096.000,5143.000,329396,226756,5135.000
2019-01-15,5141.000,5236.000,5129.000,5221.000,490402,238526,5188.000
2019-01-16,5225.000,5243.000,5193.000,5226.000,276126,240460,5216.000
2019-01-17,5210.000,5225.000,5155.000,5159.000,251498,253024,5182.000
2019-01-18,5139.000,5176.000,5117.000,5156.000,423536,292188,5151.000
2019-01-21,5219.000,5323.000,5188.000,5273.000,712792,309752,5262.000
2019-01-22,5273.000,5457.000,5260.000,5277.000,748844,302068,5340.000
2019-01-23,5240.000,5280.000,5222.000,5254.000,354886,306168,5248.000
2019-01-24,5239.000,5273.000,5206.000,5245.000,328568,307090,5241.000
2019-01-25,5275.000,5323.000,5232.000,5234.000,419960,301096,5287.000
2019-01-28,5254.000,5264.000,5175.000,5180.000,335164,298810,5220.000
2019-01-29,5150.000,5198.000,5136.000,5157.000,250738,289038,5168.000
2019-01-30,5181.000,5239.000,5171.000,5207.000,262654,262456,5201.000
2019-01-31,5230.000,5289.000,5229.000,5279.000,219892,247472,5266.000
2019-02-01,5290.000,5330.000,5265.000,5322.000,176824,237182,5295.000
2019-02-11,5295.000,5299.000,5216.000,5223.000,169888,259174,5248.000
2019-02-12,5245.000,5274.000,5228.000,5234.000,200108,280820,5246.000
2019-02-13,5200.000,5225.000,5151.000,5162.000,262640,307852,5184.000
2019-02-14,5173.000,5195.000,5135.000,5170.000,195240,324364,5164.000
2019-02-15,5159.000,5180.000,5092.000,5131.000,256836,321754,5130.000
2019-02-18,5170.000,5184.000,5032.000,5039.000,404514,368074,5096.000
2019-02-19,5046.000,5074.000,5007.000,5064.000,277240,362742,5041.000
2019-02-20,5069.000,5082.000,5044.000,5054.000,182498,363642,5064.000
2019-02-21,5104.000,5148.000,5084.000,5123.000,303410,346554,5115.000
2019-02-22,5123.000,5169.000,5116.000,5142.000,193264,341144,5145.000
2019-02-25,5157.000,5187.000,5120.000,5135.000,173616,340768,5152.000
2019-02-26,5098.000,5168.000,5084.000,5158.000,177922,335696,5144.000
2019-02-27,5170.000,5183.000,5145.000,5153.000,118288,334340,5164.000
2019-02-28,5170.000,5216.000,5154.000,5175.000,221110,336878,5184.000
2019-03-01,5195.000,5298.000,5186.000,5290.000,247282,325964,5238.000
2019-03-04,5285.000,5421.000,5265.000,5351.000,379152,324282,5350.000
2019-03-05,5320.000,5350.000,5304.000,5333.000,170224,319332,5327.000
2019-03-06,5325.000,5438.000,5312.000,5432.000,301944,333086,5387.000
2019-03-07,5412.000,5428.000,5303.000,5336.000,291570,318266,5363.000
2019-03-08,5281.000,5320.000,5254.000,5298.000,240646,314612,5284.000
2019-03-11,5330.000,5330.000,5242.000,5267.000,181288,316724,5274.000
2019-03-12,5276.000,5301.000,5253.000,5270.000,169944,315174,5276.000
2019-03-13,5266.000,5287.000,5226.000,5241.000,164708,317132,5259.000
2019-03-14,5257.000,5270.000,5216.000,5221.000,158942,326008,5240.000
2019-03-15,5189.000,5202.000,5112.000,5137.000,278206,318856,5144.000
2019-03-18,5120.000,5156.000,5115.000,5127.000,208162,330386,5135.000
2019-03-19,5143.000,5145.000,5093.000,5107.000,172980,336514,5119.000
2019-03-20,5110.000,5148.000,5089.000,5147.000,149186,335304,5117.000
2019-03-21,5164.000,5176.000,5147.000,5157.000,137232,335702,5160.000
2019-03-22,5153.000,5163.000,5111.000,5126.000,180538,340480,5134.000
2019-03-25,5100.000,5125.000,5057.000,5113.000,190682,332478,5091.000
2019-03-26,5125.000,5130.000,5061.000,5063.000,146616,347856,5099.000
2019-03-27,5050.000,5076.000,4976.000,4983.000,317238,395630,5024.000
2019-03-28,4954.000,4980.000,4810.000,4814.000,536826,409380,4893.000
2019-03-29,4812.000,4909.000,4812.000,4842.000,411508,386344,4863.000
2019-04-01,4863.000,4889.000,4813.000,4875.000,428518,387590,4853.000
2019-04-02,4875.000,4900.000,4828.000,4843.000,405222,400520,4865.000
2019-04-03,4830.000,4876.000,4829.000,4853.000,382248,391806,4856.000
2019-04-04,4841.000,4916.000,4761.000,4898.000,1015800,384416,4840.000
2019-04-08,4950.000,4968.000,4841.000,4857.000,616812,417646,4913.000
2019-04-09,4856.000,4910.000,4852.000,4873.000,393512,417572,4881.000
2019-04-10,4870.000,4905.000,4855.000,4871.000,326482,398182,4883.000
2019-04-11,4871.000,4879.000,4805.000,4827.000,430026,431998,4837.000
2019-04-12,4816.000,4836.000,4763.000,4828.000,466068,427312,4803.000
2019-04-15,4850.000,4855.000,4742.000,4772.000,413410,444138,4801.000
2019-04-16,4765.000,4774.000,4677.000,4707.000,504706,456254,4720.000
2019-04-17,4707.000,4738.000,4695.000,4704.000,249868,452446,4714.000
2019-04-18,4700.000,4737.000,4658.000,4707.000,481726,430532,4711.000
2019-04-19,4715.000,4745.000,4710.000,4730.000,318462,415148,4727.000
2019-04-23,4736.000,4752.000,4714.000,4733.000,222984,368936,4733.000
2019-04-24,4723.000,4728.000,4665.000,4679.000,313332,386830,4691.000
2019-04-25,4682.000,4693.000,4622.000,4627.000,347434,390694,4661.000
2019-04-26,4664.000,4664.000,4520.000,4549.000,465474,380648,4578.000
2019-04-29,4542.000,4653.000,4539.000,4644.000,392838,309718,4607.000
2019-04-30,4646.000,4654.000,4612.000,4617.000,195114,283058,4632.000
2019-05-06,4568.000,4621.000,4506.000,4587.000,167098,265614,4583.000
2019-05-07,4593.000,4600.000,4551.000,4578.000,167320,250276,4577.000
2019-05-08,4697.000,4737.000,4697.000,4734.000,320730,370198,4721.000
2019-05-09,4734.000,4739.000,4691.000,4702.000,307002,376842,4710.000
2019-05-10,4706.000,4761.000,4698.000,4718.000,388706,372162,4727.000
2019-05-13,4713.000,4718.000,4580.000,4582.000,59470,443246,4639.000
2019-05-14,4571.000,4612.000,4408.000,4437.000,80836,439302,4496.000
2019-05-15,4450.000,4492.000,4438.000,4455.000,44065,436288,4462.000
2019-05-16,4450.000,4517.000,4430.000,4483.000,621738,458866,4471.000
2019-05-17,4492.000,4500.000,4394.000,4404.000,582460,506432,4447.000
2019-05-20,4406.000,4472.000,4394.000,4420.000,601664,525194,4433.000
2019-05-21,4416.000,4465.000,4406.000,4447.000,412928,517044,4443.000
2019-05-22,4445.000,4466.000,4356.000,4407.000,749298,524344,4412.000
2019-05-23,4410.000,4427.000,4373.000,4403.000,441934,523342,4404.000
2019-05-24,4397.000,4527.000,4395.000,4524.000,949596,487382,4464.000
2019-05-27,4529.000,4563.000,4491.000,4503.000,647648,471448,4525.000
2019-05-28,4517.000,4524.000,4427.000,4458.000,747512,496258,4462.000
2019-05-29,4459.000,4519.000,4458.000,4489.000,467698,483236,4488.000
2019-05-30,4473.000,4503.000,4455.000,4485.000,438372,488516,4477.000
2019-05-31,4485.000,4529.000,4466.000,4492.000,609842,492664,4502.000
2019-06-03,4492.000,4500.000,4380.000,4415.000,716480,469190,4426.000
2019-06-04,4428.000,4487.000,4405.000,4445.000,570036,471630,4446.000
2019-06-05,4450.000,4460.000,4330.000,4343.000,827368,561792,4398.000
2019-06-06,4329.000,4382.000,4314.000,4369.000,763128,496648,4345.000
2019-06-10,4413.000,4420.000,4367.000,4387.000,292870,501812,4391.000
2019-06-11,4388.000,4423.000,4370.000,4408.000,354544,489110,4396.000
2019-06-12,4408.000,4432.000,4362.000,4384.000,401822,482942,4393.000
2019-06-13,4374.000,4415.000,4361.000,4403.000,436374,488372,4390.000
2019-06-14,4410.000,4423.000,4331.000,4370.000,573822,490194,4373.000
2019-06-17,4360.000,4391.000,4352.000,4370.000,308256,484276,4373.000
2019-06-18,4379.000,4442.000,4366.000,4417.000,575516,488162,4417.000
2019-06-19,4429.000,4505.000,4417.000,4459.000,572804,462442,4462.000
2019-06-20,4460.000,4492.000,4451.000,4487.000,349292,455556,4474.000
2019-06-21,4500.000,4515.000,4423.000,4437.000,510134,466498,4469.000
2019-06-24,4448.000,4578.000,4447.000,4567.000,597330,471170,4521.000
2019-06-25,4566.000,4594.000,4513.000,4531.000,504938,465812,4547.000
2019-06-26,4537.000,4555.000,4474.000,4542.000,479346,463758,4520.000
2019-06-27,4535.000,4578.000,4477.000,4491.000,672588,465838,4528.000
2019-06-28,4494.000,4518.000,4384.000,4408.000,628564,454504,4445.000
2019-07-01,4413.000,4465.000,4380.000,4442.000,503828,451810,4432.000
2019-07-02,4450.000,4525.000,4404.000,4502.000,645018,444026,4458.000
2019-07-03,4490.000,4498.000,4389.000,4437.000,597552,439378,4438.000
2019-07-04,4435.000,4485.000,4397.000,4477.000,639878,426238,4453.000
2019-07-05,4480.000,4516.000,4455.000,4488.000,586216,437784,4486.000
2019-07-08,4486.000,4507.000,4420.000,4435.000,560224,472376,4465.000
2019-07-09,4435.000,4448.000,4242.000,4242.000,933342,499172,4343.000
2019-07-10,4230.000,4278.000,4150.000,4265.000,762212,420132,4216.000
2019-07-11,4265.000,4309.000,4213.000,4281.000,671366,411704,4263.000
2019-07-12,4290.000,4293.000,4241.000,4274.000,397596,407606,4264.000
2019-07-15,4272.000,4322.000,4263.000,4296.000,452288,375820,4298.000
2019-07-16,4308.000,4316.000,4245.000,4278.000,393292,368258,4279.000
2019-07-17,4289.000,4376.000,4280.000,4360.000,564212,342830,4332.000
2019-07-18,4369.000,4393.000,4319.000,4370.000,440410,327186,4356.000
2019-07-19,4370.000,4544.000,4350.000,4497.000,904728,340480,4443.000
2019-07-22,4488.000,4573.000,4422.000,4486.000,968752,327698,4501.000
2019-07-23,4495.000,4544.000,4393.000,4393.000,773568,321202,4481.000
2019-07-24,4389.000,4449.000,4370.000,4429.000,520334,308680,4419.000
2019-07-25,4433.000,4483.000,4427.000,4445.000,532446,316598,4457.000
2019-07-26,4455.000,4488.000,4405.000,4464.000,564200,314650,4452.000
2019-07-29,4471.000,4584.000,4471.000,4561.000,863988,352114,4540.000
2019-07-30,4567.000,4711.000,4502.000,4523.000,1604082,326178,4612.000
2019-07-31,4529.000,4566.000,4485.000,4495.000,673354,307954,4528.000
2019-08-01,4501.000,4516.000,4430.000,4445.000,557712,291688,4477.000
2019-08-02,4445.000,4461.000,4340.000,4409.000,500180,237546,4409.000
2019-08-05,4415.000,4455.000,4243.000,4287.000,616318,185144,4327.000
2019-08-06,4279.000,4362.000,4275.000,4331.000,250876,163856,4312.000
2019-08-07,4332.000,4357.000,4311.000,4343.000,187232,145300,4333.000
2019-08-08,4330.000,4398.000,4328.000,4396.000,190190,131340,4367.000
2019-08-09,4375.000,4440.000,4312.000,4440.000,496738,334654,4382.000
2019-08-12,4442.000,4498.000,4425.000,4466.000,459996,335516,4458.000
2019-08-13,4470.000,4486.000,4444.000,4457.000,298866,341152,4465.000
2019-08-14,4455.000,4545.000,4431.000,4455.000,640888,343182,4486.000
2019-08-15,4450.000,4513.000,4429.000,4513.000,485800,369372,4474.000
2019-08-16,4508.000,4582.000,4494.000,4558.000,756900,390554,4537.000
2019-08-19,4560.000,4594.000,4528.000,4553.000,539330,376190,4559.000
2019-08-20,4556.000,4576.000,4532.000,4564.000,353904,385848,4554.000
2019-08-21,4562.000,4579.000,4489.000,4568.000,638768,365246,4530.000
2019-08-22,4577.000,4600.000,4526.000,4551.000,565338,363856,4559.000
2019-08-23,4548.000,4575.000,4505.000,4545.000,537272,374550,4545.000
2019-08-26,4535.000,4633.000,4520.000,4622.000,743974,417150,4589.000
2019-08-27,4626.000,4639.000,4560.000,4574.000,533930,403180,4593.000
2019-08-28,4576.000,4625.000,4530.000,4615.000,533928,404956,4576.000
2019-08-29,4618.000,4658.000,4577.000,4583.000,678586,398272,4621.000
2019-08-30,4594.000,4630.000,4564.000,4576.000,475934,386128,4596.000
2019-09-02,4576.000,4624.000,4569.000,4620.000,391890,382562,4600.000
2019-09-03,4623.000,4629.000,4567.000,4582.000,391172,374116,4596.000
2019-09-04,4580.000,4594.000,4544.000,4587.000,413954,372464,4567.000
2019-09-05,4598.000,4700.000,4582.000,4637.000,766904,380140,4642.000
2019-09-06,4637.000,4735.000,4636.000,4677.000,683664,383024,4686.000
2019-09-09,4677.000,4769.000,4671.000,4767.000,552386,417850,4720.000
2019-09-10,4776.000,4810.000,4721.000,4746.000,669106,410760,4764.000
2019-09-11,4748.000,4785.000,4698.000,4780.000,605264,438976,4745.000
2019-09-12,4775.000,4790.000,4724.000,4754.000,559912,429650,4756.000
2019-09-16,4992.000,4993.000,4860.000,4993.000,818646,476058,4968.000
2019-09-17,5150.000,5365.000,5122.000,5322.000,1950886,501882,5268.000
2019-09-18,5330.000,5335.000,5022.000,5083.000,2630982,477040,5146.000
2019-09-19,5020.000,5117.000,5000.000,5062.000,1214300,456898,5063.000
2019-09-20,5115.000,5128.000,4995.000,5009.000,1238986,442146,5058.000
2019-09-23,5004.000,5090.000,4980.000,5072.000,739706,430334,5045.000
2019-09-24,5072.000,5118.000,5029.000,5080.000,872488,451856,5079.000
2019-09-25,5080.000,5180.000,5065.000,5173.000,1156680,508046,5122.000
2019-09-26,5170.000,5189.000,4918.000,4982.000,1739822,410306,5060.000
2019-09-27,4981.000,4998.000,4915.000,4970.000,885874,356214,4956.000
2019-09-30,4940.000,5016.000,4940.000,4983.000,511606,319136,4969.000
2019-10-08,4930.000,4988.000,4923.000,4979.000,284350,334848,4963.000
2019-10-09,4974.000,4990.000,4949.000,4975.000,409922,352692,4967.000
2019-10-10,4980.000,5006.000,4799.000,4814.000,1029822,373064,4879.000
2019-10-11,4810.000,4836.000,4717.000,4773.000,1001062,372660,4775.000
2019-10-14,4765.000,4781.000,4665.000,4686.000,951724,380130,4715.000
2019-10-15,4668.000,4710.000,4623.000,4656.000,815838,374494,4663.000
2019-10-16,4670.000,4680.000,4580.000,4584.000,756610,400404,4630.000
2019-10-17,4584.000,4604.000,4515.000,4553.000,820832,392960,4558.000
2019-10-18,4560.000,4596.000,4552.000,4567.000,576912,356942,4572.000
2019-10-21,4572.000,4585.000,4462.000,4515.000,846498,378594,4516.000
2019-10-22,4513.000,4546.000,4497.000,4529.000,490480,363442,4524.000
2019-10-23,4542.000,4564.000,4503.000,4530.000,657616,371370,4537.000
2019-10-24,4535.000,4596.000,4522.000,4588.000,708348,364976,4568.000
2019-10-25,4598.000,4640.000,4570.000,4579.000,690614,366198,4607.000
2019-10-28,4591.000,4675.000,4581.000,4621.000,737516,370612,4633.000
2019-10-29,4631.000,4650.000,4533.000,4556.000,723826,373940,4579.000
2019-10-30,4551.000,4615.000,4526.000,4588.000,632370,370940,4577.000
2019-10-31,4588.000,4594.000,4551.000,4575.000,438356,341618,4570.000
2019-11-01,4565.000,4575.000,4505.000,4566.000,685446,328892,4538.000
2019-11-04,4573.000,4595.000,4538.000,4543.000,448922,333418,4565.000
2019-11-05,4558.000,4584.000,4532.000,4554.000,418086,331660,4561.000
2019-11-06,4570.000,4576.000,4470.000,4472.000,653260,360662,4529.000
2019-11-07,4470.000,4489.000,4406.000,4456.000,750094,354450,4446.000
2019-11-08,4468.000,4484.000,4431.000,4438.000,458186,334482,4454.000
2019-11-11,4433.000,4477.000,4410.000,4451.000,571658,325852,4450.000
2019-11-12,4455.000,4523.000,4427.000,4516.000,663574,329200,4473.000
2019-11-13,4520.000,4609.000,4505.000,4537.000,1235832,336852,4562.000
2019-11-14,4545.000,4600.000,4515.000,4599.000,695246,360920,4557.000
2019-11-15,4605.000,4643.000,4562.000,4571.000,710442,356706,4597.000
2019-11-18,4566.000,4626.000,4519.000,4581.000,700926,351104,4573.000
2019-11-19,4583.000,4601.000,4553.000,4593.000,520532,359600,4582.000
2019-11-20,4586.000,4615.000,4525.000,4602.000,776484,366388,4573.000
2019-11-21,4602.000,4646.000,4548.000,4550.000,788168,366496,4588.000
2019-11-22,4550.000,4596.000,4467.000,4503.000,951996,359440,4526.000
2019-11-25,4504.000,4528.000,4482.000,4520.000,510244,343250,4507.000
2019-11-26,4522.000,4561.000,4481.000,4490.000,643966,322192,4521.000
2019-11-27,4490.000,4586.000,4480.000,4544.000,740976,329402,4542.000
2019-11-28,4556.000,4641.000,4546.000,4639.000,866814,371012,4587.000
2019-11-29,4646.000,4668.000,4587.000,4600.000,762106,346804,4626.000
2019-12-02,4600.000,4659.000,4575.000,4649.000,593224,333788,4623.000
2019-12-03,4651.000,4800.000,4651.000,4752.000,1089662,315804,4732.000
2019-12-04,4740.000,4783.000,4711.000,4720.000,525138,296602,4744.000
2019-12-05,4730.000,4741.000,4625.000,4634.000,622406,234288,4682.000
2019-12-06,4640.000,4692.000,4640.000,4686.000,321988,226300,4661.000
2019-12-09,4698.000,4843.000,4698.000,4787.000,598126,196230,4771.000
2019-12-10,4790.000,4882.000,4755.000,4849.000,358320,181080,0.000
2019-12-11,4685.000,4685.000,4620.000,4636.000,519888,364138,4650.000
2019-12-12,4642.000,4709.000,4598.000,4708.000,650182,398902,4658.000
2019-12-13,4708.000,4708.000,4568.000,4589.000,920316,392392,4633.000
2019-12-16,4586.000,4640.000,4586.000,4619.000,550528,383140,4615.000
2019-12-17,4620.000,4708.000,4608.000,4684.000,701360,394188,4666.000
2019-12-18,4686.000,4723.000,4634.000,4644.000,785598,413088,4671.000
2019-12-19,4644.000,4661.000,4598.000,4644.000,567816,410910,4631.000
2019-12-20,4646.000,4653.000,4595.000,4612.000,603586,417916,4625.000
2019-12-23,4603.000,4629.000,4558.000,4572.000,606370,429376,0.000
2019-12-24,4579.000,4625.000,4565.000,4618.000,424164,424470,4592.000
2019-12-25,4623.000,4623.000,4555.000,4556.000,608208,473968,4582.000
2019-12-26,4558.000,4574.000,4526.000,4566.000,462914,445368,4551.000
2019-12-27,4564.000,4618.000,4552.000,4586.000,563006,422536,0.000
2019-12-30,4584.000,4650.000,4577.000,4641.000,494908,410544,4615.000
2019-12-31,4641.000,4650.000,4571.000,4591.000,472114,381044,4603.000
2020-01-02,4594.000,4634.000,4584.000,4631.000,159816,197709,4614.000
2020-01-03,4630.000,4683.000,4612.000,4655.000,267715,198485,4643.000
2020-01-06,4661.000,4783.000,4632.000,4753.000,301112,198174,4711.000
2020-01-07,4738.000,4739.000,4679.000,4712.000,202369,188488,4705.000
2020-01-08,4712.000,4940.000,4705.000,4793.000,408421,175814,4804.000
2020-01-09,4770.000,4827.000,4730.000,4769.000,331977,175300,4782.000
2020-01-10,4773.000,4905.000,4762.000,4892.000,347158,199134,4831.000
2020-01-13,4890.000,4988.000,4861.000,4921.000,343978,187560,0.000
2020-01-14,4926.000,4930.000,4840.000,4866.000,260932,179432,4873.000
2020-01-15,4866.000,4868.000,4784.000,4817.000,265421,174098,4817.000
2020-01-16,4812.000,4833.000,4735.000,4762.000,240130,168999,4777.000
2020-01-17,4760.000,4793.000,4750.000,4772.000,149551,169433,4773.000
2020-01-20,4770.000,4795.000,4711.000,4729.000,269627,182943,4746.000
2020-01-21,4719.000,4729.000,4638.000,4688.000,270267,170150,4687.000
2020-01-22,4690.000,4692.000,4610.000,4683.000,207464,153854,4660.000
2020-01-23,4672.000,4699.000,4605.000,4676.000,159328,137710,4663.000
2020-02-03,4384.000,4417.000,4384.000,4384.000,92865,143462,4388.000
2020-02-04,4244.000,4390.000,4244.000,4360.000,154499,134037,4342.000
2020-02-05,4356.000,4459.000,4356.000,4373.000,198125,141096,0.000
2020-02-06,4394.000,4412.000,4365.000,4399.000,129634,144680,0.000
2020-02-07,4386.000,4418.000,4299.000,4405.000,147570,142208,0.000
2020-02-10,4400.000,4427.000,4388.000,4401.000,108386,143292,0.000
2020-02-11,4396.000,4444.000,4392.000,4407.000,155469,142363,4418.000
2020-02-12,4410.000,4452.000,4384.000,4412.000,198642,147049,4413.000
2020-02-13,4422.000,4443.000,4410.000,4424.000,137385,146481,0.000
2020-02-14,4427.000,4438.000,4386.000,4416.000,112103,143355,4413.000
2020-02-17,4429.000,4474.000,4412.000,4471.000,176083,143652,4450.000
2020-02-18,4468.000,4487.000,4415.000,4430.000,174685,149531,0.000
2020-02-19,4439.000,4464.000,4433.000,4453.000,110585,155165,0.000
2020-02-20,4475.000,4500.000,4430.000,4489.000,215400,151792,0.000
2020-02-21,4488.000,4525.000,4470.000,4516.000,184323,153612,0.000
2020-02-24,4490.000,4513.000,4430.000,4458.000,183704,151140,4473.000
2020-02-25,4430.000,4485.000,4408.000,4483.000,147804,151001,0.000
2020-02-26,4469.000,4495.000,4415.000,4418.000,179536,152062,0.000
2020-02-27,4394.000,4421.000,4377.000,4391.000,144093,154237,0.000
2020-02-28,4350.000,4387.000,4283.000,4336.000,213409,146675,0.000
2020-03-02,4320.000,4389.000,4320.000,4367.000,172095,148552,0.000
2020-03-03,4400.000,4423.000,4345.000,4364.000,160173,152968,0.000
2020-03-04,4380.000,4409.000,4338.000,4354.000,163349,156463,0.000
2020-03-05,4366.000,4371.000,4327.000,4340.000,154357,164224,0.000
2020-03-06,4312.000,4319.000,4254.000,4286.000,225956,175831,0.000
2020-03-09,4069.000,4069.000,4069.000,4069.000,10787,169852,0.000
2020-03-10,3760.000,4160.000,3760.000,4122.000,353876,141129,4026.000
2020-03-11,4134.000,4149.000,4035.000,4054.000,176127,141933,0.000
2020-03-12,4015.000,4049.000,3905.000,4000.000,256272,146424,0.000
2020-03-13,3962.000,4019.000,3925.000,4001.000,229258,142768,0.000
2020-03-16,3976.000,3990.000,3894.000,3895.000,221705,144057,0.000
2020-03-17,3888.000,3906.000,3775.000,3838.000,318878,146551,0.000
2020-03-18,3792.000,3848.000,3693.000,3700.000,306065,145531,3779.000
2020-03-19,3637.000,3680.000,3591.000,3591.000,233793,139538,0.000
2020-03-20,3714.000,3720.000,3604.000,3666.000,265594,129875,0.000
2020-03-23,3552.000,3552.000,3461.000,3474.000,269534,128393,0.000
2020-03-24,3550.000,3550.000,3206.000,3362.000,563330,141417,0.000
2020-03-25,3360.000,3407.000,3281.000,3312.000,392860,152731,0.000
2020-03-26,3292.000,3371.000,3245.000,3280.000,400568,152030,0.000
2020-03-27,3267.000,3295.000,3116.000,3162.000,554675,163885,0.000
2020-03-30,3060.000,3092.000,2926.000,2935.000,439969,170861,0.000
2020-03-31,2976.000,3185.000,2950.000,3121.000,564291,137540,0.000
2020-04-01,3104.000,3130.000,3038.000,3113.000,332186,132199,0.000
2020-04-02,3110.000,3365.000,3103.000,3358.000,466184,108967,0.000
2020-04-03,3350.000,3362.000,3227.000,3337.000,386747,95832,0.000
2020-04-07,3490.000,3490.000,3343.000,3373.000,268107,96058,0.000
2020-04-08,3340.000,3420.000,3265.000,3369.000,314089,87442,0.000
2020-04-09,3405.000,3448.000,3374.000,3430.000,227737,84851,0.000
2020-04-10,3335.000,3471.000,3307.000,3451.000,295978,80019,0.000
2020-04-13,3500.000,3577.000,3330.000,3339.000,247415,73749,0.000
2020-04-14,3503.000,3593.000,3488.000,3577.000,345377,158521,0.000
2020-04-15,3527.000,3618.000,3505.000,3556.000,352474,166477,0.000
2020-04-16,3528.000,3591.000,3506.000,3553.000,284626,172006,0.000
2020-04-17,3577.000,3700.000,3574.000,3640.000,448148,183162,0.000
2020-04-20,3630.000,3727.000,3604.000,3712.000,389433,213900,0.000
2020-04-21,3666.000,3717.000,3440.000,3512.000,672484,189796,0.000
2020-04-22,3399.000,3449.000,3268.000,3295.000,553510,193006,0.000
2020-04-23,3367.000,3574.000,3366.000,3519.000,480795,186771,0.000
2020-04-24,3542.000,3566.000,3389.000,3407.000,454028,199595,0.000
2020-04-27,3402.000,3494.000,3373.000,3454.000,352301,196184,0.000
2020-04-28,3434.000,3500.000,3407.000,3500.000,355456,199220,0.000
2020-04-29,3536.000,3626.000,3535.000,3601.000,376719,196672,0.000
2020-04-30,3688.000,3698.000,3582.000,3665.000,277356,183576,0.000
2020-05-06,3780.000,3784.000,3665.000,3697.000,271077,190306,0.000
2020-05-07,3664.000,3740.000,3660.000,3690.000,285482,193785,0.000
2020-05-08,3736.000,3737.000,3632.000,3665.000,290838,190443,0.000
2020-05-11,3661.000,3683.000,3586.000,3610.000,303313,202228,0.000
2020-05-12,3607.000,3627.000,3562.000,3594.000,207390,202926,0.000
2020-05-13,3600.000,3645.000,3538.000,3605.000,358517,201438,0.000
2020-05-14,3620.000,3680.000,3583.000,3677.000,318338,210085,0.000
2020-05-15,3680.000,3747.000,3645.000,3731.000,369790,212621,0.000
2020-05-18,3718.000,3754.000,3666.000,3694.000,318709,204278,0.000
2020-05-19,3707.000,3778.000,3671.000,3699.000,340541,205840,0.000
2020-05-20,3703.000,3793.000,3703.000,3746.000,297436,208874,0.000
2020-05-21,3755.000,3838.000,3749.000,3799.000,403992,212809,0.000
2020-05-22,3809.000,3820.000,3684.000,3704.000,358849,197478,0.000
2020-05-25,3730.000,3767.000,3703.000,3734.000,259639,199065,0.000
2020-05-26,3720.000,3764.000,3713.000,3734.000,211566,195921,0.000
2020-05-27,3734.000,3787.000,3707.000,3744.000,289082,198575,0.000
2020-05-28,3735.000,3749.000,3667.000,3746.000,330142,193496,0.000
2020-05-29,3754.000,3765.000,3700.000,3717.000,256647,195522,0.000
2020-06-01,3705.000,3796.000,3705.000,3793.000,254973,203436,0.000
2020-06-02,3775.000,3806.000,3751.000,3766.000,230885,205286,0.000
2020-06-03,3777.000,3847.000,3754.000,3818.000,309308,204748,0.000
2020-06-04,3800.000,3810.000,3755.000,3767.000,211399,197480,0.000
2020-06-05,3768.000,3787.000,3727.000,3738.000,263285,218835,0.000
2020-06-08,3770.000,3800.000,3738.000,3772.000,349190,211914,0.000
2020-06-09,3756.000,3772.000,3695.000,3709.000,323523,234379,0.000
2020-06-10,3700.000,3745.000,3698.000,3725.000,202621,216179,0.000
2020-06-11,3740.000,3740.000,3670.000,3684.000,250313,218458,0.000
2020-06-12,3660.000,3679.000,3555.000,3644.000,325901,215686,0.000
2020-06-15,3650.000,3685.000,3590.000,3610.000,270989,220627,0.000
2020-06-16,3607.000,3677.000,3586.000,3662.000,203628,212707,0.000
2020-06-17,3680.000,3683.000,3616.000,3642.000,208197,221995,0.000
2020-06-18,3646.000,3680.000,3625.000,3675.000,194090,212211,0.000
2020-06-19,3685.000,3750.000,3657.000,3729.000,286535,216743,0.000
2020-06-22,3735.000,3737.000,3683.000,3699.000,202289,210359,0.000
2020-06-23,3699.000,3721.000,3681.000,3704.000,181563,206390,0.000
2020-06-24,3711.000,3715.000,3665.000,3673.000,181394,202545,0.000
2020-06-29,3633.000,3660.000,3583.000,3595.000,212594,221757,0.000
2020-06-30,3603.000,3626.000,3602.000,3605.000,146769,222293,0.000
2020-07-01,3590.000,3618.000,3570.000,3600.000,184946,221498,0.000
2020-07-02,3597.000,3624.000,3541.000,3614.000,305066,224484,0.000
2020-07-03,3614.000,3642.000,3603.000,3615.000,198898,225955,0.000
2020-07-06,3616.000,3657.000,3586.000,3630.000,262400,230294,0.000
2020-07-07,3628.000,3633.000,3524.000,3548.000,400586,281282,0.000
2020-07-08,3548.000,3593.000,3544.000,3567.000,223216,257003,0.000
2020-07-09,3568.000,3586.000,3537.000,3573.000,223801,256902,0.000
2020-07-10,3569.000,3575.000,3463.000,3479.000,389487,277697,0.000
2020-07-13,3484.000,3530.000,3484.000,3530.000,225898,255530,0.000
2020-07-14,3528.000,3550.000,3467.000,3544.000,297116,244134,0.000
2020-07-15,3535.000,3600.000,3530.000,3584.000,307405,228525,0.000
2020-07-16,3590.000,3592.000,3563.000,3575.000,198995,217145,0.000
2020-07-17,3577.000,3614.000,3530.000,3558.000,292284,205149,0.000
2020-07-20,3573.000,3630.000,3560.000,3577.000,314685,197292,3592.000
2020-07-21,3577.000,3615.000,3572.000,3598.000,172992,195015,3596.000
2020-07-22,3620.000,3661.000,3609.000,3641.000,268275,204018,3637.000
2020-07-23,3626.000,3675.000,3585.000,3664.000,295187,200499,3621.000
2020-07-24,3658.000,3744.000,3631.000,3710.000,485435,196333,3689.000
2020-07-27,3709.000,3746.000,3698.000,3729.000,257467,197226,3721.000
2020-07-28,3741.000,3760.000,3693.000,3712.000,280310,184385,3718.000
2020-07-29,3715.000,3746.000,3689.000,3733.000,210390,182156,3721.000
2020-07-30,3735.000,3742.000,3672.000,3706.000,234925,168754,3704.000
2020-07-31,3700.000,3776.000,3670.000,3748.000,365137,174942,3726.000
2020-08-03,3738.000,3754.000,3691.000,3702.000,210318,156748,3715.000
2020-08-04,3705.000,3797.000,3705.000,3762.000,262048,161427,3753.000
2020-08-05,3745.000,3822.000,3744.000,3803.000,288573,175541,3785.000
2020-08-06,3830.000,3840.000,3755.000,3772.000,245311,157372,3789.000
2020-08-07,3780.000,3808.000,3738.000,3776.000,238645,153107,3771.000
2020-08-10,3782.000,3794.000,3708.000,3751.000,228311,141513,3744.000
2020-08-11,3760.000,3782.000,3720.000,3722.000,174454,135244,3746.000
2020-08-12,3739.000,3748.000,3685.000,3716.000,233329,115166,3716.000
2020-08-13,3728.000,3767.000,3674.000,3747.000,228139,105121,3724.000
2020-08-14,3742.000,3771.000,3723.000,3744.000,121052,92971,3746.000
2020-08-17,3749.000,3828.000,3745.000,3805.000,175891,82585,3783.000
2020-08-18,3988.000,4005.000,3955.000,3978.000,207912,204574,3979.000
2020-08-19,3970.000,3985.000,3915.000,3917.000,227665,202258,3945.000
2020-08-20,3930.000,3944.000,3874.000,3897.000,177758,202024,3910.000
2020-08-21,3897.000,3924.000,3868.000,3898.000,168069,199224,3894.000
2020-08-24,3890.000,3909.000,3875.000,3882.000,145519,210091,3892.000
2020-08-25,3883.000,3924.000,3862.000,3912.000,156004,207353,3899.000
2020-08-26,3920.000,3929.000,3887.000,3920.000,137249,211573,3911.000
2020-08-27,3919.000,3952.000,3918.000,3945.000,163496,221713,3937.000
2020-08-28,3952.000,3956.000,3921.000,3946.000,147010,220341,3939.000
2020-08-31,3951.000,4040.000,3944.000,4040.000,270954,261469,4001.000
2020-09-01,4040.000,4079.000,4013.000,4079.000,245158,279261,4041.000
2020-09-02,4080.000,4098.000,4049.000,4071.000,227076,274047,4074.000
2020-09-03,4053.000,4083.000,4019.000,4042.000,245785,269905,4055.000
2020-09-04,4040.000,4052.000,4008.000,4042.000,217881,271806,4031.000
2020-09-07,4052.000,4071.000,4002.000,4027.000,335356,270939,4037.000
2020-09-08,4018.000,4074.000,4017.000,4050.000,230291,284011,4049.000
2020-09-09,4020.000,4033.000,3930.000,3984.000,387169,238495,3991.000
2020-09-10,4002.000,4012.000,3935.000,3935.000,244505,241330,3970.000
2020-09-11,3935.000,3959.000,3915.000,3932.000,200869,238088,3938.000
2020-09-14,3930.000,4034.000,3927.000,4033.000,247749,240469,3988.000
2020-09-15,4033.000,4052.000,4011.000,4017.000,218319,240017,4030.000
2020-09-16,4020.000,4042.000,3963.000,3967.000,252261,230820,3991.000
2020-09-17,3962.000,3981.000,3890.000,3900.000,284382,248558,3935.000
2020-09-18,3901.000,3939.000,3895.000,3913.000,182236,245739,3916.000
2020-09-21,3908.000,3922.000,3851.000,3864.000,268664,250247,3894.000
2020-09-22,3864.000,3876.000,3754.000,3791.000,305448,242307,3816.000
2020-09-23,3806.000,3815.000,3744.000,3754.000,205712,242796,3777.000
2020-09-24,3770.000,3795.000,3731.000,3780.000,240173,237034,3770.000
2020-09-25,3774.000,3794.000,3748.000,3762.000,237212,236719,3769.000
2020-09-28,3748.000,3780.000,3711.000,3744.000,251054,223636,3748.000
2020-09-29,3752.000,3766.000,3702.000,3736.000,196194,221306,3738.000
2020-09-30,3722.000,3746.000,3672.000,3724.000,190635,212274,3702.000
2020-10-09,3801.000,3815.000,3755.000,3775.000,124878,214623,3778.000
2020-10-12,3765.000,3866.000,3765.000,3855.000,207443,206330,3827.000
2020-10-13,3860.000,3889.000,3830.000,3877.000,178941,205565,3858.000
2020-10-14,3877.000,3966.000,3858.000,3959.000,290360,213124,3918.000
2020-10-15,3978.000,3978.000,3886.000,3918.000,234640,193252,3923.000
2020-10-16,3890.000,3936.000,3882.000,3927.000,241508,191087,3913.000
2020-10-19,3936.000,4006.000,3921.000,3945.000,300495,188503,3954.000
2020-10-20,3949.000,3986.000,3934.000,3986.000,165606,191176,3954.000
2020-10-21,3986.000,4017.000,3952.000,3961.000,262489,197288,3979.000
2020-10-22,3961.000,3961.000,3903.000,3940.000,192667,188794,3935.000
2020-10-23,3930.000,3954.000,3870.000,3871.000,185132,182180,3913.000
2020-10-26,3882.000,3935.000,3875.000,3881.000,240869,173891,3901.000
2020-10-27,3881.000,3888.000,3825.000,3829.000,199497,176171,3855.000
2020-10-28,3835.000,3854.000,3812.000,3820.000,177350,176318,3834.000
2020-10-29,3800.000,3820.000,3760.000,3788.000,208271,181462,3789.000
2020-10-30,3750.000,3807.000,3707.000,3740.000,239690,173061,3757.000
2020-11-02,3740.000,3803.000,3733.000,3792.000,200194,172798,3767.000
2020-11-03,3818.000,3857.000,3794.000,3831.000,187529,168142,3825.000
2020-11-04,3838.000,3882.000,3823.000,3860.000,191376,168433,3855.000
2020-11-05,3872.000,3874.000,3720.000,3721.000,240172,185534,3796.000
2020-11-06,3736.000,3742.000,3661.000,3667.000,257076,195201,3704.000
2020-11-09,3667.000,3724.000,3642.000,3705.000,224272,187000,3685.000
2020-11-10,3750.000,3810.000,3725.000,3754.000,235855,170806,3761.000
2020-11-11,3760.000,3816.000,3754.000,3800.000,189473,176819,3790.000
2020-11-12,3800.000,3828.000,3712.000,3713.000,230780,183529,3766.000
2020-11-13,3714.000,3724.000,3602.000,3624.000,337988,212816,3657.000
2020-11-16,3630.000,3699.000,3619.000,3682.000,227047,196395,3661.000
2020-11-17,3685.000,3713.000,3632.000,3635.000,206523,194662,3671.000
2020-11-18,3645.000,3765.000,3641.000,3761.000,367244,183274,3713.000
2020-11-19,3770.000,3795.000,3726.000,3790.000,262100,182717,3761.000
2020-11-20,3797.000,3865.000,3790.000,3843.000,336693,183496,3828.000
2020-11-23,3843.000,3893.000,3804.000,3846.000,271762,178425,3844.000
2020-11-24,3855.000,3888.000,3783.000,3870.000,282631,172266,3846.000
2020-11-25,3870.000,3908.000,3854.000,3874.000,226869,173836,3875.000
2020-11-26,3872.000,3906.000,3808.000,3821.000,254439,165087,3862.000
2020-11-27,3821.000,3895.000,3798.000,3886.000,204646,168521,3847.000
2020-11-30,3886.000,3927.000,3822.000,3829.000,260337,161550,3877.000
2020-12-01,3850.000,3872.000,3825.000,3854.000,188380,145268,3846.000
2020-12-02,3853.000,3869.000,3780.000,3791.000,226267,131281,3816.000
2020-12-03,3805.000,3847.000,3779.000,3787.000,210570,122558,3809.000
2020-12-04,3780.000,3875.000,3724.000,3872.000,302493,107385,3817.000
2020-12-07,3857.000,3976.000,3854.000,3968.000,239946,111282,3914.000
2020-12-08,3968.000,3968.000,3893.000,3908.000,152939,98211,3931.000
2020-12-09,3901.000,3952.000,3874.000,3913.000,147915,89065,3918.000
2020-12-10,3913.000,3978.000,3831.000,3832.000,208307,74244,3904.000
2020-12-11,3852.000,3914.000,3839.000,3906.000,131373,64217,3876.000
2020-12-14,4038.000,4196.000,4032.000,4126.000,441963,212480,4138.000
2020-12-15,4120.000,4165.000,4090.000,4160.000,251600,225050,4129.000
2020-12-16,4160.000,4186.000,4125.000,4145.000,232309,227394,4147.000
2020-12-17,4145.000,4238.000,4131.000,4225.000,400765,249618,4180.000
2020-12-18,4225.000,4293.000,4183.000,4222.000,328550,246452,4233.000
2020-12-21,4222.000,4255.000,4135.000,4194.000,327016,232406,4196.000
2020-12-22,4185.000,4343.000,4152.000,4222.000,503093,229378,4249.000
2020-12-23,4243.000,4247.000,4156.000,4216.000,294336,228755,4194.000
2020-12-24,4235.000,4303.000,4229.000,4242.000,301243,238643,4260.000
2020-12-25,4228.000,4350.000,4204.000,4345.000,303423,257628,4281.000
2020-12-28,4345.000,4425.000,4240.000,4281.000,439520,250056,4343.000
2020-12-29,4283.000,4299.000,4163.000,4187.000,382548,228753,4225.000
2020-12-30,4208.000,4244.000,4165.000,4237.000,239818,224960,4197.000
2020-12-31,4243.000,4408.000,4235.000,4398.000,389956,239343,4324.000
2021-01-04,4400.000,4506.000,4356.000,4503.000,239227,258117,4435.000
2021-01-05,4485.000,4524.000,4396.000,4421.000,291909,244679,4464.000
2021-01-06,4436.000,4491.000,4405.000,4450.000,256591,245901,4450.000
2021-01-07,4449.000,4510.000,4408.000,4440.000,322229,243664,4453.000
2021-01-08,4442.000,4494.000,4372.000,4417.000,323700,232227,4429.000
2021-01-11,4438.000,4476.000,4322.000,4429.000,420065,214103,4412.000
2021-01-12,4425.000,4543.000,4392.000,4541.000,575475,263960,4475.000
2021-01-13,4560.000,4579.000,4505.000,4541.000,373182,256520,4542.000
2021-01-14,4542.000,4567.000,4400.000,4402.000,396808,232471,4494.000
2021-01-15,4402.000,4450.000,4373.000,4434.000,279539,227026,4416.000
2021-01-18,4432.000,4456.000,4355.000,4450.000,333648,208510,4411.000
2021-01-19,4458.000,4495.000,4400.000,4429.000,294585,204598,4453.000
2021-01-20,4445.000,4511.000,4412.000,4480.000,349340,211986,4466.000
2021-01-21,4486.000,4499.000,4420.000,4442.000,325133,207202,4467.000
2021-01-22,4450.000,4458.000,4290.000,4293.000,417319,217842,4370.000
2021-01-25,4280.000,4391.000,4256.000,4369.000,313849,197125,4326.000
2021-01-26,4369.000,4369.000,4306.000,4310.000,221740,192012,4337.000
2021-01-27,4325.000,4444.000,4323.000,4433.000,300658,207582,4385.000
2021-01-28,4420.000,4497.000,4410.000,4487.000,281440,212099,4444.000
2021-01-29,4490.000,4673.000,4490.000,4659.000,489870,233243,4584.000
2021-02-01,4690.000,4737.000,4634.000,4648.000,343024,227571,4675.000
2021-02-02,4650.000,4805.000,4648.000,4761.000,364339,234357,4746.000
2021-02-03,4780.000,4800.000,4660.000,4711.000,348331,219836,4734.000
2021-02-04,4730.000,4744.000,4654.000,4709.000,300486,212036,4693.000
2021-02-05,4705.000,4736.000,4600.000,4646.000,385175,202234,4656.000
2021-02-08,4658.000,4796.000,4624.000,4705.000,321358,197980,4705.000
2021-02-09,4705.000,4714.000,4613.000,4624.000,269384,190346,4650.000
2021-02-10,4618.000,4627.000,4550.000,4560.000,257118,169299,4575.000
2021-02-18,4986.000,4986.000,4783.000,4986.000,280832,171101,4918.000
2021-02-19,5000.000,5134.000,4963.000,5060.000,407558,183471,5044.000
2021-02-22,5060.000,5497.000,5016.000,5497.000,516685,195663,5332.000
2021-02-23,5506.000,5730.000,5362.000,5416.000,738795,194644,5534.000
2021-02-24,5400.000,5593.000,5336.000,5517.000,695407,200027,5482.000
2021-02-25,5572.000,5967.000,5557.000,5914.000,794832,202448,5792.000
2021-02-26,5914.000,6060.000,5723.000,5976.000,816311,209738,5891.000
2021-03-01,5916.000,6280.000,5847.000,6032.000,1143390,212896,6049.000
2021-03-02,6030.000,6030.000,5648.000,5648.000,1008453,202613,5797.000
2021-03-03,5718.000,5844.000,5576.000,5687.000,862131,194371,5706.000
2021-03-04,5728.000,5826.000,5656.000,5730.000,636806,191606,5734.000
2021-03-05,5712.000,5950.000,5615.000,5824.000,869838,188360,5765.000
2021-03-08,5832.000,6108.000,5827.000,5970.000,580024,189528,5962.000
2021-03-09,5928.000,5948.000,5486.000,5506.000,674300,167836,5756.000
2021-03-10,5556.000,5588.000,5355.000,5423.000,767117,156514,5470.000
2021-03-11,5480.000,5493.000,5216.000,5276.000,774436,142816,5335.000
2021-03-12,5300.000,5375.000,5160.000,5247.000,775559,138328,5265.000
2021-03-15,5250.000,5420.000,5223.000,5270.000,660836,133268,5305.000
2021-03-16,5250.000,5304.000,5200.000,5240.000,480084,133331,5251.000
2021-03-17,5240.000,5300.000,5121.000,5165.000,564313,135911,5195.000
2021-03-18,5156.000,5158.000,5050.000,5076.000,460409,138719,5101.000
2021-03-19,5041.000,5158.000,4852.000,4917.000,674594,123894,5027.000
2021-03-22,4901.000,5082.000,4870.000,5035.000,450434,118078,4968.000
2021-03-23,5022.000,5079.000,4952.000,5006.000,361613,114370,5016.000
2021-03-24,4949.000,5145.000,4945.000,5116.000,509191,114329,5062.000
2021-03-25,5120.000,5192.000,5020.000,5031.000,487651,112647,5096.000
2021-03-26,5011.000,5062.000,4909.000,4986.000,507937,110993,5001.000
2021-03-29,4980.000,5143.000,4929.000,4951.000,453233,112437,5039.000
2021-03-30,4998.000,5096.000,4968.000,5074.000,373951,107499,5043.000
2021-03-31,5057.000,5196.000,4964.000,4990.000,591017,115517,5088.000
2021-04-01,4990.000,5038.000,4934.000,5022.000,419269,113845,4989.000
2021-04-02,5022.000,5145.000,4985.000,5136.000,409673,104054,5060.000
2021-04-06,5087.000,5250.000,5074.000,5191.000,285023,113912,5181.000
2021-04-07,5195.000,5254.000,5162.000,5197.000,287061,111058,5200.000
2021-04-08,5197.000,5233.000,5058.000,5086.000,376494,96673,5158.000
2021-04-09,5086.000,5113.000,4963.000,4971.000,336659,95510,5019.000
2021-04-12,4971.000,4992.000,4856.000,4926.000,387333,90405,4924.000
2021-04-13,4960.000,4965.000,4872.000,4946.000,249880,84093,4924.000
2021-04-14,4965.000,5044.000,4926.000,5004.000,252984,77601,4976.000
2021-04-15,4970.000,5096.000,4970.000,5083.000,217939,71995,5044.000
2021-04-16,4850.000,4890.000,4792.000,4842.000,347146,205525,4847.000
2021-04-19,4842.000,4895.000,4723.000,4789.000,456401,217077,4795.000
2021-04-20,4784.000,4809.000,4664.000,4692.000,466529,236692,4727.000
2021-04-21,4682.000,4700.000,4568.000,4597.000,452805,248091,4611.000
2021-04-22,4568.000,4662.000,4550.000,4622.000,399667,244510,4612.000
2021-04-23,4630.000,4644.000,4574.000,4635.000,304285,248977,4603.000
2021-04-26,4610.000,4660.000,4526.000,4575.000,395341,258774,4601.000
2021-04-27,4567.000,4677.000,4550.000,4628.000,351476,249019,4618.000
2021-04-28,4618.000,4685.000,4586.000,4685.000,344543,246736,4636.000
2021-04-29,4693.000,4728.000,4674.000,4687.000,302359,247243,4702.000
2021-04-30,4705.000,4772.000,4649.000,4692.000,402604,230513,4704.000
2021-05-06,4722.000,4816.000,4706.000,4795.000,247813,236775,4768.000
2021-05-07,4771.000,4928.000,4771.000,4926.000,383926,244318,4853.000
2021-05-10,4914.000,5024.000,4866.000,5008.000,462021,237001,4956.000
2021-05-11,5000.000,5040.000,4882.000,4957.000,386562,225544,4940.000
2021-05-12,4930.000,5243.000,4915.000,5225.000,543640,244722,5061.000
2021-05-13,5225.000,5284.000,4954.000,5047.000,674109,233779,5155.000
2021-05-14,5040.000,5053.000,4854.000,4911.000,538831,227593,4938.000
2021-05-17,4930.000,4973.000,4877.000,4892.000,352068,227014,4917.000
2021-05-18,4878.000,4995.000,4860.000,4930.000,355134,238597,4929.000
2021-05-19,4930.000,4945.000,4817.000,4886.000,402664,226507,4869.000
2021-05-20,4850.000,4920.000,4730.000,4897.000,649813,210810,4827.000
2021-05-21,4900.000,4966.000,4855.000,4902.000,559241,214087,4903.000
2021-05-24,4947.000,4950.000,4820.000,4840.000,467269,208662,4878.000
2021-05-25,4840.000,4916.000,4805.000,4849.000,413629,219032,4857.000
2021-05-26,4849.000,5021.000,4831.000,5013.000,432117,236598,4891.000
2021-05-27,4949.000,4976.000,4855.000,4871.000,424954,226789,4910.000
2021-05-28,4871.000,5005.000,4844.000,4932.000,412756,232479,4923.000
2021-05-31,4932.000,5041.000,4930.000,4992.000,483278,260432,4986.000
2021-06-01,5043.000,5123.000,5008.000,5089.000,395193,289843,5069.000
2021-06-02,5105.000,5137.000,4973.000,5002.000,389911,271639,5053.000
2021-06-03,5040.000,5082.000,4957.000,5018.000,329609,273306,5023.000
2021-06-04,5010.000,5030.000,4965.000,5025.000,314549,266080,4995.000
2021-06-07,5040.000,5069.000,4810.000,4818.000,506250,250660,4936.000
2021-06-08,4818.000,4861.000,4758.000,4775.000,314750,237898,4805.000
2021-06-09,4775.000,4803.000,4732.000,4777.000,278387,236127,4769.000
2021-06-10,4755.000,4786.000,4701.000,4774.000,302516,232453,4749.000
2021-06-11,4790.000,4827.000,4742.000,4818.000,321874,216200,4790.000
2021-06-15,4830.000,4859.000,4750.000,4785.000,219133,221483,4798.000
2021-06-16,4788.000,4885.000,4788.000,4854.000,272040,217289,4843.000
2021-06-17,4859.000,4890.000,4800.000,4870.000,319487,217184,4855.000
2021-06-18,4855.000,4875.000,4733.000,4766.000,335694,207336,4795.000
2021-06-21,4750.000,4789.000,4675.000,4675.000,302809,233051,4738.000
2021-06-22,4673.000,4824.000,4667.000,4813.000,283841,211477,4742.000
2021-06-23,4798.000,4916.000,4774.000,4913.000,329816,211190,4851.000
2021-06-24,4902.000,4953.000,4887.000,4917.000,260653,226069,4917.000
2021-06-25,4917.000,5029.000,4890.000,4998.000,378068,236099,4963.000
2021-06-28,5008.000,5020.000,4918.000,4953.000,296689,234290,4966.000
2021-06-29,4990.000,4997.000,4906.000,4939.000,327218,229680,4953.000
2021-06-30,4939.000,4984.000,4898.000,4913.000,316403,225167,4933.000
2021-07-01,4915.000,4965.000,4890.000,4913.000,301675,221618,4928.000
2021-07-02,4960.000,5082.000,4951.000,5078.000,474638,254266,5019.000
2021-07-05,5080.000,5167.000,5042.000,5144.000,347303,256105,5107.000
2021-07-06,5152.000,5253.000,5140.000,5167.000,328078,260683,5195.000
2021-07-07,5150.000,5150.000,4946.000,5025.000,431556,220629,5040.000
2021-07-08,5035.000,5036.000,4960.000,4987.000,279774,208575,4991.000
2021-07-09,4987.000,5017.000,4957.000,4988.000,244629,205795,4985.000
2021-07-12,5000.000,5126.000,5000.000,5032.000,333515,205249,5067.000
2021-07-13,5020.000,5144.000,5009.000,5133.000,253294,214204,5069.000
2021-07-14,5138.000,5280.000,5121.000,5258.000,335749,240969,5185.000
2021-07-15,5278.000,5306.000,5150.000,5225.000,317839,242536,5226.000
2021-07-16,5250.000,5397.000,5207.000,5285.000,396040,238459,5297.000
2021-07-19,5297.000,5409.000,5271.000,5385.000,319218,242712,5333.000
2021-07-20,5315.000,5475.000,5239.000,5341.000,510334,245570,5345.000
2021-07-21,5380.000,5448.000,5325.000,5414.000,371495,251721,5393.000
2021-07-22,5450.000,5588.000,5402.000,5420.000,531160,252059,5499.000
2021-07-23,5420.000,5453.000,5333.000,5361.000,378486,231932,5381.000
2021-07-26,5400.000,5405.000,5312.000,5377.000,319107,224714,5355.000
2021-07-27,5377.000,5446.000,5278.000,5321.000,423259,211996,5363.000
2021-07-28,5321.000,5366.000,5250.000,5348.000,292411,200389,5302.000
2021-07-29,5348.000,5479.000,5345.000,5447.000,358026,225783,5420.000
2021-07-30,5493.000,5565.000,5386.000,5469.000,436122,225548,5483.000
2021-08-02,5509.000,5509.000,5312.000,5329.000,363285,194242,5400.000
2021-08-03,5305.000,5324.000,5204.000,5249.000,375131,151867,5254.000
2021-08-04,5241.000,5450.000,5217.000,5350.000,449049,149478,5337.000
2021-08-05,5350.000,5410.000,5318.000,5357.000,297958,153581,5370.000
2021-08-06,5368.000,5475.000,5336.000,5444.000,364378,169754,5423.000
2021-08-09,5540.000,5581.000,5386.000,5471.000,475706,175368,5484.000
2021-08-10,5433.000,5478.000,5317.000,5376.000,404093,144744,5395.000
2021-08-11,5405.000,5422.000,5305.000,5312.000,317331,135755,5350.000
2021-08-12,5301.000,5310.000,5218.000,5246.000,332243,118098,5264.000
2021-08-13,5242.000,5248.000,5139.000,5141.000,301238,105943,5177.000
2021-08-16,5141.000,5155.000,5033.000,5107.000,293999,99463,5099.000
2021-08-17,5068.000,5139.000,5050.000,5092.000,212181,89414,5086.000
2021-08-18,5092.000,5105.000,5025.000,5079.000,225326,71997,5063.000
2021-08-19,5079.000,5132.000,4946.000,4958.000,244406,63123,5031.000
2021-08-20,4928.000,4996.000,4850.000,4972.000,212345,53592,4924.000
2021-08-23,4949.000,5064.000,4933.000,5044.000,182771,42011,5007.000
2021-08-24,5039.000,5102.000,5020.000,5030.000,138564,36227,5058.000
2021-08-25,4941.000,4977.000,4893.000,4962.000,204450,144923,4943.000
2021-08-26,4962.000,4982.000,4862.000,4869.000,256144,166061,4907.000
2021-08-27,4869.000,5080.000,4848.000,5080.000,403215,154537,4967.000
2021-08-30,5084.000,5115.000,4991.000,4999.000,314322,158931,5065.000
2021-08-31,5025.000,5043.000,4980.000,5008.000,218750,155013,5007.000
2021-09-01,5005.000,5025.000,4920.000,5015.000,281016,151099,4976.000
2021-09-02,5028.000,5150.000,4996.000,5128.000,337706,174522,5070.000
2021-09-03,5112.000,5188.000,5090.000,5160.000,244019,192003,5138.000
2021-09-06,5200.000,5207.000,5147.000,5196.000,229385,198530,5178.000
2021-09-07,5210.000,5285.000,5185.000,5280.000,252485,219401,5247.000
2021-09-08,5280.000,5319.000,5198.000,5270.000,368581,223740,5262.000
2021-09-09,5284.000,5315.000,5191.000,5239.000,324271,219242,5256.000
2021-09-10,5239.000,5394.000,5188.000,5247.000,470222,223418,5280.000
2021-09-13,5267.000,5382.000,5225.000,5328.000,351496,240950,5310.000
2021-09-14,5328.000,5469.000,5309.000,5443.000,444165,263133,5391.000
2021-09-15,5420.000,5517.000,5399.000,5422.000,430673,249901,5442.000
2021-09-16,5452.000,5550.000,5420.000,5454.000,452592,254680,5479.000
2021-09-17,5454.000,5593.000,5380.000,5428.000,546889,236014,5494.000
2021-09-22,5380.000,5438.000,5332.000,5438.000,284394,228416,5388.000
2021-09-23,5438.000,5562.000,5372.000,5552.000,443606,250532,5450.000
2021-09-24,5560.000,5736.000,5542.000,5642.000,626938,268624,5647.000
2021-09-27,5651.000,6093.000,5626.000,5885.000,555175,261749,5857.000
2021-09-28,5900.000,6234.000,5900.000,6161.000,607357,273519,6025.000
2021-09-29,6161.000,6241.000,5917.000,6055.000,608249,254810,6062.000
2021-09-30,6066.000,6474.000,6022.000,6470.000,473944,250639,6189.000
2021-10-08,6730.000,6730.000,6303.000,6384.000,354263,226674,6469.000
2021-10-11,6398.000,6986.000,6398.000,6890.000,568901,238891,6730.000
2021-10-12,6928.000,7118.000,6817.000,6873.000,645494,236448,6947.000
2021-10-13,6873.000,7010.000,6392.000,6392.000,776585,217813,6714.000
2021-10-14,6430.000,6656.000,6315.000,6597.000,655365,217173,6444.000
2021-10-15,6600.000,6959.000,6480.000,6959.000,825188,228136,6696.000
2021-10-18,7016.000,7432.000,6885.000,7432.000,805224,267445,7109.000
2021-10-19,7500.000,7566.000,7137.000,7324.000,811015,236147,7357.000
2021-10-20,7150.000,7244.000,6769.000,6769.000,382646,222798,6918.000
2021-10-21,6500.000,6880.000,6346.000,6507.000,731655,221315,6656.000
2021-10-22,6485.000,6650.000,6124.000,6303.000,958877,195932,6342.000
2021-10-25,6340.000,6410.000,6078.000,6257.000,894778,190948,6280.000
2021-10-26,6280.000,6300.000,5943.000,6071.000,1026446,177322,6071.000
2021-10-27,6077.000,6099.000,5586.000,5586.000,946404,178712,5825.000
2021-10-28,5600.000,6014.000,5333.000,5773.000,1260373,158453,5612.000
2021-10-29,5770.000,5825.000,5410.000,5481.000,811242,167759,5621.000
2021-11-01,5481.000,5746.000,5454.000,5659.000,713283,164258,5611.000
2021-11-02,5696.000,5820.000,5524.000,5710.000,834149,164060,5699.000
2021-11-03,5698.000,5830.000,5621.000,5690.000,765590,164838,5720.000
2021-11-04,5690.000,5690.000,5417.000,5563.000,724586,153285,5537.000
2021-11-05,5640.000,5707.000,5368.000,5411.000,568450,163404,5491.000
2021-11-08,5418.000,5602.000,5410.000,5478.000,413325,155728,5490.000
2021-11-09,5480.000,5558.000,5361.000,5410.000,414905,164260,5470.000
2021-11-10,5410.000,5500.000,5254.000,5459.000,569738,168193,5388.000
2021-11-11,5448.000,5476.000,5327.000,5431.000,470689,192434,5399.000
2021-11-12,5391.000,5398.000,5112.000,5158.000,572827,236078,5237.000
2021-11-15,5150.000,5312.000,5087.000,5173.000,467309,199641,5244.000
2021-11-16,5173.000,5250.000,5100.000,5208.000,299883,187632,5174.000
2021-11-17,5190.000,5203.000,5044.000,5116.000,422451,203757,5101.000
2021-11-18,5110.000,5128.000,4952.000,4965.000,386237,214619,5042.000
2021-11-19,4965.000,5136.000,4883.000,5091.000,396160,217593,4992.000
2021-11-22,5000.000,5173.000,4961.000,5134.000,331751,206134,5089.000
2021-11-23,5166.000,5248.000,5116.000,5200.000,263255,190908,5178.000
2021-11-24,5200.000,5289.000,5180.000,5216.000,250381,185819,5232.000
2021-11-25,5216.000,5353.000,5190.000,5267.000,373413,203000,5273.000
2021-11-26,5267.000,5270.000,5055.000,5055.000,275188,179694,5154.000
2021-11-29,4986.000,5076.000,4906.000,4929.000,327885,200870,4989.000
2021-11-30,4930.000,5038.000,4860.000,4863.000,310913,173857,4958.000
2021-12-01,4860.000,4982.000,4803.000,4962.000,301561,175298,4879.000
2021-12-02,4977.000,5027.000,4866.000,4919.000,247032,157838,4936.000
2021-12-03,4880.000,4903.000,4736.000,4839.000,301671,181973,4809.000
2021-12-06,4810.000,4863.000,4716.000,4730.000,268539,183502,4794.000
2021-12-07,4730.000,4881.000,4729.000,4844.000,262114,159721,4817.000
2021-12-08,4900.000,4946.000,4847.000,4873.000,237613,144712,4895.000
2021-12-09,4870.000,5023.000,4847.000,4937.000,257595,134297,4957.000
2021-12-10,4910.000,4956.000,4769.000,4770.000,216894,129234,4865.000
2021-12-13,4806.000,4956.000,4773.000,4931.000,202420,121217,4869.000
2021-12-14,4880.000,4990.000,4836.000,4988.000,189114,108045,4896.000
2021-12-15,4987.000,4987.000,4878.000,4909.000,151256,94025,4937.000
2021-12-16,4850.000,4969.000,4850.000,4955.000,244653,160459,4905.000
2021-12-17,4956.000,5027.000,4923.000,4954.000,292047,171494,4977.000
2021-12-20,4948.000,4995.000,4744.000,4749.000,496274,210692,4864.000
2021-12-21,4730.000,4769.000,4685.000,4725.000,315903,230545,4733.000
2021-12-22,4700.000,4789.000,4700.000,4750.000,316683,231831,4747.000
2021-12-23,4760.000,4780.000,4705.000,4737.000,277809,236943,4743.000
2021-12-24,4753.000,4890.000,4741.000,4858.000,415111,208314,4843.000
2021-12-27,4858.000,4897.000,4766.000,4776.000,304572,208593,4826.000
2021-12-28,4769.000,4858.000,4731.000,4819.000,352433,220528,4802.000
2021-12-29,4840.000,4886.000,4803.000,4865.000,290498,224795,4840.000
2021-12-30,4857.000,4934.000,4822.000,4891.000,293362,228278,0.000
2021-12-31,4905.000,4965.000,4893.000,4935.000,320223,223958,4931.000
2022-01-04,4985.000,5178.000,4983.000,5051.000,219454,229064,5055.000
2022-01-05,5051.000,5132.000,5024.000,5055.000,302965,232798,5067.000
2022-01-06,5055.000,5147.000,5002.000,5145.000,355884,230442,5076.000
2022-01-07,5190.000,5304.000,5138.000,5278.000,351342,244782,5216.000
2022-01-10,5278.000,5297.000,5165.000,5190.000,293476,233442,5214.000
2022-01-11,5185.000,5185.000,5052.000,5103.000,340285,220654,5104.000
2022-01-12,5119.000,5151.000,5063.000,5138.000,294113,222405,5110.000
2022-01-13,5168.000,5264.000,5142.000,5199.000,321567,221284,5208.000
2022-01-14,5222.000,5389.000,5212.000,5361.000,428064,239288,5328.000
2022-01-17,5351.000,5378.000,5286.000,5312.000,321591,228732,5326.000
2022-01-18,5312.000,5331.000,5162.000,5313.000,403393,221962,5245.000
2022-01-19,5313.000,5452.000,5300.000,5335.000,358660,228651,5365.000
2022-01-20,5340.000,5412.000,5281.000,5386.000,327935,228697,5353.000
2022-01-21,5386.000,5400.000,5205.000,5237.000,399608,219209,5281.000
2022-01-24,5258.000,5424.000,5241.000,5338.000,376565,216294,5356.000
2022-01-25,5320.000,5345.000,5159.000,5196.000,362231,201067,5217.000
2022-01-26,5230.000,5385.000,5178.000,5369.000,349381,206296,5279.000
2022-01-27,5370.000,5513.000,5358.000,5508.000,369724,231938,5461.000
2022-01-28,5521.000,5590.000,5411.000,5437.000,298095,214705,5499.000
2022-02-07,5567.000,5665.000,5511.000,5533.000,276736,244376,5574.000
2022-02-08,5532.000,5643.000,5477.000,5489.000,362850,257663,5550.000
2022-02-09,5446.000,5449.000,5261.000,5285.000,413479,253999,5334.000
2022-02-10,5290.000,5322.000,5236.000,5266.000,267644,264068,5280.000
2022-02-11,5300.000,5415.000,5136.000,5137.000,481270,262218,5295.000
2022-02-14,5201.000,5280.000,5110.000,5233.000,332295,253047,5212.000
2022-02-15,5212.000,5366.000,5122.000,5272.000,426225,238986,5243.000
2022-02-16,5191.000,5218.000,5130.000,5132.000,376597,257661,5170.000
2022-02-17,5160.000,5166.000,4998.000,5009.000,382175,289516,5068.000
2022-02-18,5009.000,5090.000,4968.000,5051.000,297000,284109,5025.000
2022-02-21,5030.000,5088.000,4985.000,5013.000,269628,298043,5023.000
2022-02-22,5020.000,5105.000,5010.000,5017.000,306543,299647,5049.000
2022-02-23,5017.000,5065.000,4960.000,5024.000,284032,303705,5016.000
2022-02-24,5024.000,5194.000,5020.000,5128.000,349255,290609,5099.000
2022-02-25,5183.000,5230.000,4986.000,5005.000,396970,289257,5107.000
2022-02-28,4978.000,5025.000,4876.000,4897.000,391940,329881,4931.000
2022-03-01,4897.000,5046.000,4863.000,5036.000,352539,319840,4936.000
2022-03-02,5110.000,5296.000,5066.000,5259.000,494737,271233,5176.000
2022-03-03,5281.000,5543.000,5235.000,5507.000,508618,263691,5381.000
2022-03-04,5458.000,5552.000,5313.000,5422.000,500347,249651,5420.000
2022-03-07,5451.000,5834.000,5411.000,5699.000,461822,250164,5622.000
2022-03-08,5680.000,5719.000,5460.000,5574.000,523876,230942,5582.000
2022-03-09,5574.000,5903.000,5478.000,5790.000,591173,232628,5707.000
2022-03-10,5663.000,5709.000,5287.000,5457.000,498452,205143,5490.000
2022-03-11,5500.000,5553.000,5324.000,5408.000,400324,211014,5434.000
2022-03-14,5390.000,5404.000,5130.000,5132.000,323108,214140,5275.000
2022-03-15,5132.000,5182.000,5055.000,5055.000,333702,212411,5118.000
2022-03-16,5069.000,5229.000,5032.000,5190.000,324651,212525,5127.000
2022-03-17,5190.000,5238.000,5081.000,5141.000,313232,211356,5151.000
2022-03-18,5192.000,5315.000,5165.000,5311.000,338468,216689,5238.000
2022-03-21,5253.000,5306.000,5187.000,5217.000,284114,215166,5242.000
2022-03-22,5217.000,5278.000,5155.000,5168.000,320077,227023,5215.000
2022-03-23,5168.000,5191.000,5095.000,5153.000,269661,230976,5142.000
2022-03-24,5200.000,5264.000,5089.000,5092.000,340482,239666,5195.000
2022-03-25,5080.000,5242.000,5065.000,5242.000,395217,233617,5137.000
2022-03-28,5185.000,5392.000,5183.000,5254.000,572774,222929,5309.000
2022-03-29,5254.000,5339.000,5230.000,5275.000,411436,216786,5282.000
2022-03-30,5205.000,5288.000,5163.000,5249.000,368046,209744,5222.000
2022-03-31,5249.000,5309.000,5117.000,5128.000,391205,214137,5213.000
2022-04-01,5116.000,5153.000,5053.000,5074.000,332297,209268,5106.000
2022-04-06,5090.000,5103.000,4967.000,5063.000,208561,220969,5049.000
2022-04-07,5063.000,5086.000,4977.000,5064.000,301028,214953,5043.000
2022-04-08,5067.000,5119.000,5015.000,5048.000,301737,206227,5063.000
2022-04-11,5048.000,5062.000,4821.000,4825.000,397676,244240,4907.000
2022-04-12,4800.000,4904.000,4772.000,4896.000,277762,234586,4838.000
2022-04-13,4897.000,4913.000,4781.000,4782.000,260352,238919,4851.000
2022-04-14,4800.000,4855.000,4795.000,4814.000,235843,230331,4823.000
2022-04-15,4814.000,4897.000,4792.000,4810.000,300777,227414,4842.000
2022-04-18,4820.000,4920.000,4751.000,4902.000,339497,200015,4842.000
2022-04-19,4902.000,4980.000,4902.000,4932.000,276160,171251,4947.000
2022-04-20,4932.000,5005.000,4914.000,4966.000,234960,150688,4964.000
2022-04-21,4966.000,4970.000,4883.000,4930.000,225884,143671,4926.000
2022-04-22,4908.000,4979.000,4881.000,4952.000,263805,101855,4937.000
2022-04-25,4972.000,5005.000,4637.000,4672.000,235080,66743,4846.000
2022-04-26,4782.000,4812.000,4668.000,4682.000,453276,292269,4733.000
2022-04-27,4682.000,4729.000,4633.000,4684.000,443940,314507,4688.000
2022-04-28,4660.000,4883.000,4618.000,4852.000,578249,297538,4762.000
2022-04-29,4865.000,5010.000,4865.000,4969.000,440794,261402,4943.000
2022-05-05,5004.000,5104.000,5004.000,5083.000,258034,250313,5072.000
2022-05-06,5100.000,5140.000,5023.000,5036.000,332281,254243,5069.000
2022-05-09,5036.000,5067.000,4961.000,4976.000,410665,252608,5015.000
2022-05-10,4958.000,5012.000,4847.000,5011.000,453867,258663,4947.000
2022-05-11,5030.000,5082.000,4894.000,5036.000,420761,248477,4997.000
2022-05-12,5036.000,5094.000,4971.000,5015.000,453205,243365,5023.000
2022-05-13,5009.000,5216.000,4986.000,5203.000,525133,269782,5129.000
2022-05-16,5230.000,5235.000,5105.000,5150.000,372305,269246,5165.000
2022-05-17,5154.000,5198.000,5114.000,5143.000,304622,272580,5159.000
2022-05-18,5143.000,5152.000,5059.000,5091.000,391828,269042,5112.000
2022-05-19,5105.000,5147.000,5012.000,5068.000,425872,271919,5077.000
2022-05-20,5039.000,5080.000,4950.000,4956.000,431737,286305,5018.000
2022-05-23,4956.000,5073.000,4946.000,5045.000,365291,278724,5015.000
2022-05-24,5045.000,5080.000,4898.000,4899.000,361572,298727,4991.000
2022-05-25,4927.000,4960.000,4868.000,4922.000,339243,304251,4920.000
2022-05-26,4948.000,4973.000,4862.000,4971.000,326170,303181,4912.000
2022-05-27,4970.000,4971.000,4876.000,4891.000,394095,326613,4916.000
2022-05-30,4885.000,5029.000,4870.000,5023.000,413267,320663,4942.000
2022-05-31,5042.000,5126.000,4999.000,5117.000,344466,305709,5061.000
2022-06-01,5117.000,5128.000,5030.000,5071.000,287666,303013,5072.000
2022-06-02,5096.000,5126.000,5033.000,5060.000,287777,300767,5072.000
2022-06-06,5143.000,5195.000,5059.000,5138.000,290248,320803,5133.000
2022-06-07,5138.000,5176.000,5061.000,5062.000,315235,327556,5120.000
2022-06-08,5068.000,5309.000,5052.000,5248.000,514126,324028,5213.000
2022-06-09,5263.000,5306.000,5231.000,5250.000,310622,316847,5268.000
2022-06-10,5250.000,5329.000,5197.000,5307.000,447842,313228,5260.000
2022-06-13,5307.000,5307.000,5146.000,5177.000,405596,305355,5193.000
2022-06-14,5176.000,5284.000,5163.000,5274.000,410319,308954,5232.000
2022-06-15,5274.000,5365.000,5250.000,5254.000,467733,320109,5321.000
2022-06-16,5284.000,5342.000,5206.000,5231.000,523696,316632,5278.000
2022-06-17,5211.000,5244.000,5108.000,5185.000,441607,309128,5177.000
2022-06-20,5200.000,5235.000,4907.000,4916.000,581835,320654,5064.000
2022-06-21,4910.000,4968.000,4868.000,4880.000,360124,322256,4915.000
2022-06-22,4880.000,4905.000,4680.000,4706.000,505236,345989,4789.000
2022-06-23,4686.000,4716.000,4610.000,4631.000,407134,364717,4664.000
2022-06-24,4660.000,4666.000,4438.000,4457.000,567520,386719,4553.000
2022-06-27,4484.000,4529.000,4422.000,4481.000,401602,385789,4485.000
2022-06-28,4488.000,4549.000,4465.000,4525.000,367496,397775,4508.000
2022-06-29,4510.000,4526.000,4402.000,4466.000,563286,429771,4458.000
2022-06-30,4502.000,4596.000,4476.000,4553.000,563272,400174,4536.000
2022-07-01,4553.000,4584.000,4343.000,4347.000,525587,425965,4464.000
2022-07-04,4390.000,4417.000,4313.000,4409.000,377806,415826,4357.000
2022-07-05,4400.000,4493.000,4373.000,4457.000,405456,391993,4440.000
2022-07-06,4421.000,4424.000,4183.000,4297.000,506650,395131,4276.000
2022-07-07,4301.000,4507.000,4266.000,4479.000,571912,373256,4392.000
2022-07-08,4500.000,4551.000,4466.000,4474.000,378786,352069,4503.000
2022-07-11,4459.000,4512.000,4343.000,4418.000,521974,354254,4445.000
2022-07-12,4362.000,4440.000,4251.000,4251.000,422516,359154,4347.000
2022-07-13,4219.000,4299.000,4167.000,4288.000,484790,356274,4231.000
2022-07-14,4246.000,4292.000,4182.000,4222.000,385958,351801,4227.000
2022-07-15,4215.000,4280.000,4151.000,4177.000,493941,342233,4219.000
2022-07-18,4207.000,4392.000,4114.000,4372.000,571268,334139,4255.000
2022-07-19,4390.000,4425.000,4293.000,4348.000,350565,325838,4360.000
2022-07-20,4363.000,4388.000,4244.000,4268.000,435238,341651,4322.000
2022-07-21,4280.000,4379.000,4246.000,4276.000,430890,331066,4316.000
2022-07-22,4250.000,4297.000,4195.000,4221.000,398655,339945,4235.000
2022-07-25,4209.000,4276.000,4156.000,4176.000,416871,354849,4205.000
2022-07-26,4203.000,4249.000,4102.000,4231.000,485868,355145,4174.000
2022-07-27,4220.000,4298.000,4151.000,4275.000,447938,329020,4224.000
2022-07-28,4295.000,4418.000,4280.000,4401.000,422012,307600,4353.000
2022-07-29,4380.000,4452.000,4373.000,4414.000,368339,293363,4410.000
2022-08-01,4419.000,4477.000,4306.000,4347.000,394909,288360,4398.000
2022-08-02,4316.000,4327.000,4235.000,4277.000,404880,293426,4276.000
2022-08-03,4277.000,4295.000,4220.000,4232.000,348533,298763,4259.000
2022-08-04,4258.000,4260.000,4121.000,4137.000,356623,329265,4186.000
2022-08-05,4122.000,4157.000,4033.000,4051.000,439561,348743,4093.000
2022-08-08,4051.000,4150.000,3994.000,4119.000,450885,334509,4070.000
2022-08-09,4091.000,4144.000,4070.000,4115.000,337248,330143,4101.000
2022-08-10,4131.000,4165.000,4038.000,4076.000,397156,322289,4097.000
2022-08-11,4060.000,4149.000,4060.000,4132.000,373910,310082,4102.000
2022-08-12,4148.000,4179.000,4098.000,4134.000,328792,288696,4139.000
2022-08-15,4125.000,4185.000,4100.000,4115.000,386214,273380,4133.000
2022-08-16,4071.000,4075.000,3947.000,3951.000,428004,298313,4017.000
2022-08-17,3966.000,3975.000,3894.000,3920.000,362587,279043,3938.000
2022-08-18,3902.000,3974.000,3855.000,3856.000,331023,248129,3929.000
2022-08-19,3861.000,3913.000,3858.000,3903.000,324406,186492,3886.000
2022-08-22,3903.000,4008.000,3894.000,3981.000,250021,136627,3962.000
2022-08-23,4088.000,4117.000,4030.000,4115.000,329254,339879,4078.000
2022-08-24,4120.000,4146.000,4057.000,4084.000,314514,354271,4106.000
2022-08-25,4093.000,4121.000,4035.000,4045.000,368931,364134,4094.000
2022-08-26,4040.000,4110.000,4007.000,4099.000,364665,373759,4050.000
2022-08-29,4099.000,4140.000,4051.000,4096.000,388293,370412,4092.000
2022-08-30,4090.000,4163.000,4063.000,4099.000,436505,358691,4123.000
2022-08-31,4064.000,4112.000,4017.000,4064.000,389556,375118,4073.000
2022-09-01,4025.000,4156.000,4024.000,4152.000,413306,359275,4099.000
2022-09-02,4152.000,4190.000,4020.000,4035.000,496909,379324,4093.000
2022-09-05,4060.000,4318.000,4053.000,4314.000,622972,365705,4201.000
2022-09-06,4340.000,4361.000,4285.000,4351.000,416797,360571,4320.000
2022-09-07,4347.000,4368.000,4276.000,4306.000,399511,356457,4321.000
2022-09-08,4306.000,4417.000,4254.000,4375.000,509635,355447,4332.000
2022-09-09,4380.000,4472.000,4334.000,4465.000,372390,353576,4397.000
2022-09-13,4503.000,4576.000,4451.000,4530.000,317983,346652,4527.000
2022-09-14,4500.000,4566.000,4500.000,4538.000,392790,350251,4535.000
2022-09-15,4535.000,4565.000,4438.000,4474.000,452013,355355,4500.000
2022-09-16,4453.000,4466.000,4353.000,4430.000,504643,342621,4403.000
2022-09-19,4415.000,4476.000,4360.000,4371.000,366302,345863,4413.000
2022-09-20,4343.000,4396.000,4300.000,4341.000,419214,339109,4349.000
2022-09-21,4349.000,4416.000,4332.000,4398.000,388866,338904,4363.000
2022-09-22,4391.000,4436.000,4315.000,4408.000,490544,338852,4377.000
2022-09-23,4437.000,4444.000,4355.000,4370.000,380034,325903,4400.000
2022-09-26,4351.000,4401.000,4215.000,4220.000,540517,336464,4313.000
2022-09-27,4256.000,4295.000,4213.000,4286.000,345367,327433,4253.000
2022-09-28,4290.000,4303.000,4230.000,4249.000,319883,333038,4262.000
2022-09-29,4293.000,4330.000,4256.000,4284.000,367656,322185,4288.000
2022-09-30,4290.000,4356.000,4266.000,4310.000,321245,303891,4306.000
2022-10-10,4430.000,4446.000,4335.000,4337.000,284473,313399,4371.000
2022-10-11,4338.000,4356.000,4154.000,4165.000,428388,374432,4251.000
2022-10-12,4160.000,4189.000,4081.000,4141.000,419821,391318,4138.000
2022-10-13,4120.000,4149.000,4064.000,4076.000,296549,412414,4114.000
2022-10-14,4040.000,4106.000,4029.000,4073.000,279412,427464,4070.000
2022-10-17,4070.000,4073.000,4002.000,4015.000,322171,442965,4035.000
2022-10-18,4015.000,4076.000,4013.000,4057.000,321722,441958,4049.000
2022-10-19,4040.000,4047.000,3971.000,3984.000,375609,475124,4004.000
2022-10-20,3990.000,4062.000,3976.000,4038.000,358583,446999,4019.000
2022-10-21,4042.000,4087.000,4030.000,4038.000,344593,433042,4059.000
2022-10-24,4050.000,4079.000,4005.000,4018.000,369281,446963,4040.000
2022-10-25,4010.000,4032.000,3943.000,3974.000,386653,452795,3992.000
2022-10-26,3974.000,3997.000,3911.000,3912.000,310928,474950,3960.000
2022-10-27,3928.000,3956.000,3865.000,3867.000,315627,490595,3915.000
2022-10-28,3880.000,3883.000,3804.000,3821.000,349090,492881,3839.000
2022-10-31,3821.000,3837.000,3732.000,3769.000,373326,483892,3790.000
2022-11-01,3766.000,3815.000,3715.000,3799.000,413775,494435,3759.000
2022-11-02,3775.000,3893.000,3730.000,3854.000,537026,475493,3807.000
2022-11-03,3860.000,3921.000,3835.000,3918.000,402758,448419,3876.000
2022-11-04,3918.000,3976.000,3892.000,3946.000,343022,430578,3928.000
2022-11-07,3963.000,3990.000,3854.000,3870.000,463406,450850,3907.000
2022-11-08,3870.000,3931.000,3844.000,3887.000,389597,437137,3888.000
2022-11-09,3858.000,3895.000,3815.000,3835.000,382330,457635,3858.000
2022-11-10,3830.000,3881.000,3781.000,3784.000,396962,465244,3838.000
2022-11-11,3784.000,3964.000,3783.000,3936.000,539055,425173,3873.000
2022-11-14,3941.000,4028.000,3941.000,3975.000,546196,394276,3989.000
2022-11-15,3976.000,4018.000,3960.000,3993.000,385133,382422,3986.000
2022-11-16,3968.000,4004.000,3962.000,3999.000,286705,374547,3985.000
2022-11-17,4002.000,4048.000,3858.000,3896.000,568831,385961,3954.000
2022-11-18,3861.000,3892.000,3828.000,3877.000,413171,405257,3860.000
2022-11-21,3865.000,3869.000,3761.000,3786.000,455012,436411,3809.000
2022-11-22,3798.000,3832.000,3765.000,3810.000,341761,421213,3802.000
2022-11-23,3815.000,3836.000,3786.000,3811.000,277822,414157,3813.000
2022-11-24,3798.000,3936.000,3790.000,3933.000,462112,380085,3863.000
2022-11-25,3943.000,3950.000,3886.000,3928.000,352582,366167,3917.000
2022-11-28,3929.000,3935.000,3774.000,3798.000,454132,385352,3835.000
2022-11-29,3808.000,3907.000,3782.000,3896.000,344135,345868,3850.000
2022-11-30,3905.000,3918.000,3850.000,3898.000,323468,337948,3887.000
2022-12-01,3911.000,3968.000,3900.000,3918.000,354604,326769,3930.000
2022-12-02,3901.000,3960.000,3881.000,3956.000,346499,325238,3921.000
2022-12-05,3956.000,4003.000,3898.000,3964.000,451253,312264,3949.000
2022-12-06,3964.000,3974.000,3912.000,3953.000,249809,304790,3949.000
2022-12-07,3962.000,3986.000,3857.000,3870.000,425487,293307,3929.000
2022-12-08,3893.000,3972.000,3873.000,3958.000,377847,273675,3934.000
2022-12-09,3957.000,4073.000,3952.000,4049.000,385342,263029,4010.000
2022-12-12,4028.000,4096.000,4027.000,4067.000,307175,241655,4068.000
2022-12-13,4028.000,4113.000,4028.000,4077.000,286738,227033,4072.000
2022-12-14,4051.000,4088.000,4047.000,4083.000,211843,214474,4070.000
2022-12-15,4092.000,4125.000,4001.000,4101.000,325568,197431,4068.000
2022-12-16,4110.000,4140.000,4024.000,4080.000,282987,169551,4094.000
2022-12-19,4068.000,4129.000,3979.000,4010.000,352928,128938,4069.000
2022-12-20,4030.000,4093.000,4011.000,4080.000,175196,110992,4057.000
2022-12-21,4199.000,4208.000,4108.000,4158.000,388448,259796,4141.000
2022-12-22,4188.000,4214.000,4116.000,4123.000,412020,271737,4158.000
2022-12-23,4149.000,4149.000,3994.000,4016.000,449313,319570,4058.000
2022-12-26,4010.000,4133.000,3998.000,4131.000,402086,296436,4060.000
2022-12-27,4138.000,4186.000,4113.000,4163.000,296542,288996,4156.000
2022-12-28,4157.000,4182.000,4125.000,4167.000,258040,293056,4154.000
2022-12-29,4154.000,4171.000,4074.000,4110.000,324511,301529,4115.000
2022-12-30,4111.000,4205.000,4080.000,4190.000,370964,296325,4136.000
2023-01-03,4180.000,4213.000,4084.000,4207.000,329046,307451,4145.000
2023-01-04,4193.000,4223.000,4108.000,4127.000,378611,311635,4167.000
2023-01-05,4097.000,4143.000,4085.000,4109.000,304631,335119,4112.000
2023-01-06,4130.000,4130.000,4065.000,4106.000,322916,356582,4099.000
2023-01-09,4096.000,4118.000,4076.000,4092.000,291990,366092,4096.000
2023-01-10,4098.000,4210.000,4092.000,4193.000,417146,343900,4162.000
2023-01-11,4211.000,4296.000,4200.000,4280.000,350532,358746,4250.000
2023-01-12,4280.000,4321.000,4262.000,4313.000,301339,374168,4285.000
2023-01-13,4296.000,4382.000,4296.000,4368.000,286958,373022,4345.000
2023-01-16,4363.000,4384.000,4314.000,4348.000,272185,368130,4356.000
2023-01-17,4348.000,4418.000,4334.000,4368.000,237412,363489,4374.000
2023-01-18,4371.000,4438.000,4357.000,4423.000,240858,361556,4403.000
2023-01-19,4415.000,4449.000,4371.000,4426.000,227311,352558,4420.000
2023-01-20,4431.000,4502.000,4407.000,4500.000,209657,341289,4455.000
2023-01-30,4500.000,4516.000,4416.000,4448.000,226632,342340,4463.000
2023-01-31,4448.000,4454.000,4338.000,4351.000,324157,337230,4393.000
2023-02-01,4367.000,4415.000,4353.000,4375.000,227291,340156,4381.000
2023-02-02,4381.000,4392.000,4287.000,4299.000,302427,334535,4340.000
2023-02-03,4285.000,4316.000,4208.000,4222.000,293543,351436,4253.000
2023-02-06,4222.000,4260.000,4178.000,4220.000,286844,360412,4215.000
2023-02-07,4220.000,4235.000,4185.000,4220.000,247943,380512,4211.000
2023-02-08,4212.000,4219.000,4160.000,4192.000,294219,406151,4186.000
2023-02-09,4200.000,4208.000,4165.000,4168.000,247522,424522,4183.000
2023-02-10,4165.000,4175.000,4090.000,4152.000,349861,431779,4135.000
2023-02-13,4172.000,4196.000,4137.000,4168.000,324894,429854,4171.000
2023-02-14,4168.000,4229.000,4153.000,4211.000,298548,427743,4187.000
2023-02-15,4220.000,4266.000,4180.000,4242.000,306754,411191,4225.000
2023-02-16,4260.000,4279.000,4228.000,4253.000,236861,398550,4252.000
2023-02-17,4264.000,4264.000,4186.000,4196.000,255975,402099,4231.000
2023-02-20,4190.000,4255.000,4181.000,4242.000,265450,387544,4216.000
2023-02-21,4242.000,4324.000,4238.000,4304.000,282816,372261,4287.000
2023-02-22,4295.000,4322.000,4266.000,4282.000,238987,371153,4297.000
2023-02-23,4300.000,4340.000,4286.000,4315.000,283273,373384,4317.000
2023-02-24,4329.000,4370.000,4307.000,4354.000,271844,363474,4340.000
2023-02-27,4358.000,4388.000,4299.000,4313.000,306336,365510,4346.000
2023-02-28,4329.000,4355.000,4290.000,4350.000,271930,362252,4318.000
2023-03-01,4352.000,4369.000,4313.000,4345.000,261302,363396,4344.000
2023-03-02,4345.000,4382.000,4320.000,4330.000,269633,361279,4345.000
2023-03-03,4340.000,4359.000,4282.000,4355.000,319326,356617,4323.000
2023-03-06,4330.000,4340.000,4242.000,4288.000,417383,368151,4285.000
2023-03-07,4288.000,4316.000,4258.000,4268.000,282222,372688,4283.000
2023-03-08,4258.000,4277.000,4200.000,4203.000,310477,397158,4242.000
2023-03-09,4203.000,4210.000,4161.000,4170.000,278668,414975,4181.000
2023-03-10,4158.000,4199.000,4112.000,4113.000,338779,431353,4152.000
2023-03-13,4113.000,4153.000,4103.000,4141.000,255043,435684,4129.000
2023-03-14,4098.000,4129.000,4055.000,4101.000,284335,434616,4101.000
2023-03-15,4110.000,4197.000,4102.000,4171.000,375391,408428,4157.000
2023-03-16,4133.000,4156.000,4010.000,4014.000,379855,422099,4091.000
2023-03-17,4019.000,4080.000,4004.000,4047.000,255726,421059,4044.000
2023-03-20,4038.000,4120.000,4033.000,4051.000,263105,411513,4069.000
2023-03-21,4051.000,4081.000,3984.000,4022.000,259778,433288,4037.000
2023-03-22,4046.000,4077.000,3996.000,4066.000,306673,416474,4037.000
2023-03-23,4070.000,4082.000,4030.000,4052.000,206392,407751,4058.000
2023-03-24,4042.000,4064.000,4000.000,4036.000,257324,415548,4032.000
2023-03-27,4010.000,4093.000,3967.000,4077.000,378888,398889,4037.000
2023-03-28,4087.000,4155.000,4081.000,4143.000,263881,363425,4121.000
2023-03-29,4159.000,4174.000,4110.000,4143.000,227054,340843,4143.000
2023-03-30,4152.000,4159.000,4059.000,4089.000,243261,341840,4106.000
2023-03-31,4082.000,4166.000,4082.000,4148.000,241968,318462,4139.000
2023-04-03,4153.000,4248.000,4145.000,4195.000,313298,299633,4198.000
2023-04-04,4195.000,4224.000,4166.000,4194.000,211627,281919,4196.000
2023-04-06,4185.000,4187.000,4087.000,4091.000,204456,275326,4143.000
2023-04-07,4094.000,4106.000,4045.000,4067.000,236016,283457,4073.000
2023-04-10,4091.000,4146.000,4057.000,4122.000,250769,257079,4101.000
2023-04-11,4118.000,4164.000,4107.000,4144.000,208795,237144,4133.000
2023-04-12,4144.000,4157.000,4085.000,4122.000,219334,223959,4122.000
2023-04-13,4098.000,4134.000,4082.000,4120.000,214105,214928,4109.000
2023-04-14,4120.000,4182.000,4105.000,4106.000,266954,191901,4143.000
2023-04-17,4108.000,4164.000,4104.000,4162.000,201142,167724,4140.000
2023-04-18,4146.000,4170.000,4130.000,4170.000,138010,150250,4151.000
2023-04-19,4279.000,4302.000,4224.000,4248.000,340775,328836,4270.000
2023-04-20,4225.000,4320.000,4200.000,4318.000,507530,347811,4258.000
2023-04-21,4318.000,4370.000,4292.000,4350.000,415485,373372,4331.000
2023-04-24,4360.000,4368.000,4214.000,4231.000,518408,372110,4277.000
2023-04-25,4244.000,4282.000,4228.000,4239.000,295891,370244,4251.000
2023-04-26,4239.000,4265.000,4183.000,4224.000,336277,373028,4220.000
2023-04-27,4205.000,4231.000,4156.000,4156.000,281573,396000,4197.000
2023-04-28,4156.000,4195.000,4143.000,4162.000,242483,401332,4172.000
2023-05-04,4088.000,4220.000,4085.000,4210.000,286847,397805,4171.000
2023-05-05,4209.000,4222.000,4136.000,4220.000,327482,411490,4175.000
2023-05-08,4230.000,4322.000,4230.000,4320.000,399703,399121,4281.000
2023-05-09,4328.000,4339.000,4288.000,4308.000,289888,401426,4317.000
2023-05-10,4317.000,4321.000,4265.000,4282.000,292688,393988,4292.000
2023-05-11,4296.000,4325.000,4260.000,4277.000,327551,390514,4288.000
2023-05-12,4268.000,4408.000,4261.000,4391.000,600251,433694,4343.000
2023-05-15,4402.000,4409.000,4324.000,4347.000,429215,424348,4366.000
2023-05-16,4353.000,4361.000,4295.000,4321.000,372092,423188,4321.000
2023-05-17,4318.000,4366.000,4296.000,4348.000,350686,425686,4328.000
2023-05-18,4344.000,4348.000,4240.000,4286.000,503907,417678,4290.000
2023-05-19,4285.000,4304.000,4225.000,4268.000,392788,410925,4265.000
2023-05-22,4284.000,4288.000,4146.000,4148.000,443651,431768,4200.000
2023-05-23,4152.000,4188.000,4115.000,4124.000,330738,446748,4151.000
2023-05-24,4125.000,4156.000,4065.000,4069.000,337569,470409,4112.000
2023-05-25,4069.000,4097.000,4018.000,4048.000,376178,474193,4050.000
2023-05-26,4032.000,4079.000,4007.000,4050.000,404201,479078,4043.000
2023-05-29,4043.000,4108.000,4034.000,4063.000,313176,475797,4070.000
2023-05-30,4051.000,4089.000,4040.000,4051.000,247736,473473,4062.000
2023-05-31,4038.000,4039.000,3950.000,3986.000,349763,490159,3983.000
2023-06-01,3966.000,4042.000,3958.000,4031.000,301212,478020,3995.000
2023-06-02,4020.000,4081.000,4000.000,4071.000,275394,473466,4037.000
2023-06-05,4072.000,4094.000,4043.000,4056.000,257051,467659,4068.000
2023-06-06,4065.000,4072.000,4015.000,4051.000,277719,466314,4047.000
2023-06-07,4052.000,4085.000,4035.000,4060.000,255381,464326,4058.000
2023-06-08,4062.000,4096.000,4009.000,4013.000,333793,488188,4054.000
2023-06-09,4012.000,4017.000,3925.000,3957.000,440418,534171,3970.000
2023-06-12,3962.000,3980.000,3915.000,3951.000,318990,529874,3945.000
2023-06-13,3936.000,3972.000,3923.000,3962.000,255896,519343,3948.000
2023-06-14,3963.000,4002.000,3953.000,3966.000,313641,512716,3976.000
2023-06-15,3966.000,3994.000,3934.000,3988.000,299661,508367,3965.000
2023-06-16,3998.000,4049.000,3974.000,4043.000,356984,480524,4014.000
2023-06-19,4062.000,4062.000,4004.000,4009.000,277419,472341,4034.000
2023-06-20,4007.000,4019.000,3976.000,4006.000,251993,477067,3999.000
2023-06-21,4005.000,4042.000,3992.000,3993.000,265567,466011,4019.000
2023-06-26,3960.000,3960.000,3873.000,3884.000,370739,544565,3905.000
2023-06-27,3866.000,3922.000,3841.000,3904.000,404034,549566,3878.000
2023-06-28,3920.000,3920.000,3883.000,3910.000,237995,537486,3904.000
2023-06-29,3910.000,3992.000,3910.000,3957.000,372555,502235,3955.000
2023-06-30,3936.000,3974.000,3936.000,3951.000,219200,507133,3955.000
2023-07-03,3968.000,3975.000,3928.000,3957.000,290774,510850,3954.000
2023-07-04,3968.000,4016.000,3954.000,3994.000,375604,493746,3985.000
2023-07-05,3990.000,4011.000,3981.000,4004.000,249067,489391,3995.000
2023-07-06,4007.000,4019.000,3954.000,3984.000,300815,489060,3988.000
2023-07-07,3988.000,4050.000,3978.000,4038.000,326061,467729,4018.000
2023-07-10,4028.000,4055.000,4025.000,4039.000,204751,465161,4041.000
2023-07-11,4030.000,4094.000,4022.000,4079.000,284970,462445,4065.000
2023-07-12,4085.000,4095.000,4047.000,4069.000,278309,455963,4072.000
2023-07-13,4081.000,4108.000,4053.000,4096.000,308617,441515,4082.000
2023-07-14,4085.000,4188.000,4085.000,4166.000,336742,434258,4140.000
2023-07-17,4186.000,4186.000,4082.000,4092.000,389388,424225,4112.000
2023-07-18,4098.000,4138.000,4093.000,4128.000,218722,419696,4115.000
2023-07-19,4121.000,4150.000,4118.000,4140.000,202580,419124,4137.000
2023-07-20,4147.000,4182.000,4127.000,4137.000,263280,416480,4148.000
2023-07-21,4140.000,4147.000,4089.000,4108.000,264512,417199,4122.000
2023-07-24,4114.000,4119.000,4056.000,4059.000,257563,410655,4087.000
2023-07-25,4072.000,4149.000,4062.000,4147.000,274551,400983,4100.000
2023-07-26,4130.000,4198.000,4130.000,4166.000,292085,389989,4165.000
2023-07-27,4155.000,4188.000,4147.000,4164.000,210604,381588,4168.000
2023-07-28,4175.000,4216.000,4166.000,4208.000,273493,379179,4188.000
2023-07-31,4191.000,4225.000,4154.000,4156.000,254179,370060,4184.000
2023-08-01,4161.000,4173.000,4120.000,4150.000,286093,372147,4145.000
2023-08-02,4147.000,4165.000,4110.000,4113.000,299977,377749,4137.000
2023-08-03,4120.000,4120.000,4001.000,4004.000,406615,368263,4050.000
2023-08-04,4028.000,4050.000,4010.000,4026.000,203755,355462,4028.000
2023-08-07,4026.000,4046.000,3988.000,4011.000,224045,347963,4018.000
2023-08-08,4018.000,4048.000,4008.000,4032.000,176093,329448,4026.000
2023-08-09,4020.000,4057.000,4009.000,4050.000,171580,313975,4036.000
2023-08-10,4054.000,4068.000,4016.000,4020.000,195219,308566,4042.000
2023-08-11,4020.000,4051.000,4012.000,4030.000,170920,288237,4032.000
2023-08-14,4038.000,4039.000,3946.000,3957.000,267767,290777,3982.000
2023-08-15,3942.000,3969.000,3911.000,3968.000,210714,269294,3941.000
2023-08-16,3940.000,3969.000,3934.000,3954.000,173693,242378,3947.000
2023-08-17,3935.000,3958.000,3921.000,3941.000,177778,210831,3941.000
2023-08-18,3948.000,3998.000,3947.000,3974.000,211353,151621,3971.000
2023-08-21,3963.000,4030.000,3959.000,4017.000,147051,117812,3995.000
2023-08-22,4138.000,4138.000,4090.000,4124.000,263307,357692,4112.000
2023-08-23,4100.000,4195.000,4100.000,4177.000,329970,354003,4164.000
2023-08-24,4176.000,4179.000,4135.000,4148.000,283472,371948,4159.000
2023-08-25,4148.000,4201.000,4147.000,4177.000,313185,383244,4172.000
2023-08-28,4188.000,4192.000,4078.000,4102.000,460357,394730,4131.000
2023-08-29,4110.000,4130.000,4092.000,4096.000,277324,390689,4113.000
2023-08-30,4096.000,4161.000,4073.000,4151.000,321397,389854,4125.000
2023-08-31,4147.000,4167.000,4105.000,4118.000,332902,415230,4134.000
2023-09-01,4128.000,4239.000,4119.000,4232.000,478500,422255,4190.000
2023-09-04,4233.000,4278.000,4210.000,4238.000,447431,425692,4240.000
2023-09-05,4242.000,4288.000,4235.000,4243.000,399486,428167,4259.000
2023-09-06,4238.000,4279.000,4228.000,4247.000,364766,435221,4253.000
2023-09-07,4256.000,4327.000,4202.000,4232.000,638322,437275,4267.000
2023-09-08,4247.000,4288.000,4232.000,4266.000,503865,435298,4261.000
2023-09-11,4275.000,4357.000,4255.000,4333.000,600577,446970,4306.000
2023-09-12,4345.000,4370.000,4310.000,4351.000,394559,446474,4342.000
2023-09-13,4363.000,4376.000,4276.000,4308.000,431167,431803,4323.000
2023-09-14,4308.000,4352.000,4286.000,4346.000,340657,431268,4319.000
2023-09-15,4360.000,4386.000,4321.000,4366.000,358548,427947,4354.000
2023-09-18,4358.000,4451.000,4352.000,4396.000,513854,441604,4398.000
2023-09-19,4416.000,4439.000,4376.000,4388.000,300783,437303,4409.000
2023-09-20,4394.000,4425.000,4364.000,4387.000,292908,435420,4392.000
2023-09-21,4390.000,4390.000,4321.000,4322.000,321326,416047,4355.000
2023-09-22,4329.000,4351.000,4284.000,4328.000,314727,409682,4316.000
2023-09-25,4328.000,4336.000,4235.000,4236.000,343748,403469,4284.000
2023-09-26,4242.000,4255.000,4192.000,4194.000,290554,407716,4223.000
2023-09-27,4200.000,4205.000,4138.000,4139.000,303588,426035,4176.000
2023-09-28,4160.000,4191.000,4126.000,4134.000,290069,419945,4158.000
2023-10-09,4106.000,4146.000,4100.000,4123.000,188497,441670,4123.000
2023-10-10,4124.000,4137.000,4062.000,4076.000,307149,466406,4099.000
2023-10-11,4063.000,4102.000,4051.000,4089.000,286439,490695,4074.000
2023-10-12,4087.000,4105.000,4060.000,4094.000,290325,505312,4084.000
2023-10-13,4110.000,4118.000,4084.000,4102.000,241062,508945,4102.000
2023-10-16,4126.000,4127.000,4090.000,4115.000,265185,521165,4111.000
2023-10-17,4123.000,4129.000,4074.000,4085.000,270165,525704,4098.000
2023-10-18,4098.000,4115.000,4064.000,4075.000,267882,535319,4088.000
2023-10-19,4075.000,4094.000,4037.000,4079.000,288700,536848,4066.000
2023-10-20,4085.000,4120.000,4067.000,4076.000,328341,522903,4098.000
2023-10-23,4065.000,4080.000,4006.000,4078.000,488128,539647,4044.000
2023-10-24,4082.000,4105.000,4067.000,4097.000,312494,530140,4086.000
2023-10-25,4098.000,4134.000,4088.000,4126.000,307301,509393,4113.000
2023-10-26,4128.000,4136.000,4080.000,4125.000,284828,503636,4112.000
2023-10-27,4113.000,4168.000,4095.000,4159.000,314363,484281,4128.000
2023-10-30,4164.000,4172.000,4136.000,4154.000,244736,482555,4152.000
2023-10-31,4158.000,4166.000,4078.000,4116.000,350659,489663,4114.000
2023-11-01,4124.000,4138.000,4101.000,4117.000,224139,474304,4119.000
2023-11-02,4128.000,4135.000,4072.000,4081.000,283064,508150,4099.000
2023-11-03,4080.000,4155.000,4075.000,4148.000,328831,465729,4123.000
2023-11-06,4156.000,4164.000,4120.000,4159.000,245774,462801,4144.000
2023-11-07,4168.000,4219.000,4165.000,4189.000,391191,451351,4199.000
2023-11-08,4183.000,4215.000,4152.000,4212.000,293593,446394,4182.000
2023-11-09,4212.000,4226.000,4171.000,4206.000,299554,443787,4202.000
2023-11-10,4200.000,4238.000,4185.000,4210.000,316806,441471,4213.000
2023-11-13,4208.000,4215.000,4133.000,4147.000,334213,441860,4166.000
2023-11-14,4160.000,4179.000,4141.000,4177.000,197229,433432,4161.000
2023-11-15,4170.000,4245.000,4167.000,4236.000,303041,438963,4205.000
2023-11-16,4248.000,4260.000,4223.000,4258.000,232353,434191,4240.000
2023-11-17,4258.000,4267.000,4211.000,4228.000,254782,422794,4241.000
2023-11-20,4233.000,4251.000,4203.000,4213.000,259690,414967,4226.000
2023-11-21,4213.000,4235.000,4095.000,4101.000,416761,409409,4165.000
2023-11-22,4118.000,4121.000,4074.000,4086.000,251449,411343,4101.000
2023-11-23,4075.000,4095.000,4051.000,4081.000,265581,411496,4073.000
2023-11-24,4092.000,4095.000,4072.000,4089.000,178051,408050,4084.000
2023-11-27,4093.000,4098.000,4055.000,4059.000,221656,402857,4075.000
2023-11-28,4053.000,4087.000,4041.000,4067.000,197486,395986,4066.000
2023-11-29,4067.000,4106.000,4055.000,4091.000,226489,389282,4076.000
2023-11-30,4096.000,4144.000,4083.000,4141.000,246340,363348,4111.000
2023-12-01,4132.000,4148.000,4075.000,4109.000,250737,347325,4112.000
2023-12-04,4101.000,4114.000,4051.000,4064.000,210094,352161,4083.000
2023-12-05,4064.000,4079.000,4023.000,4027.000,230841,353923,4044.000
2023-12-06,4032.000,4096.000,4025.000,4093.000,219406,328039,4056.000
2023-12-07,4093.000,4095.000,4044.000,4078.000,177131,316693,4074.000
2023-12-08,4085.000,4119.000,4060.000,4094.000,196052,295644,4091.000
2023-12-11,4099.000,4124.000,4063.000,4109.000,225225,267511,4098.000
2023-12-12,4099.000,4152.000,4089.000,4150.000,221869,240193,4126.000
2023-12-13,4143.000,4145.000,4076.000,4099.000,202208,225126,4111.000
2023-12-14,4112.000,4149.000,4106.000,4120.000,163823,197739,4126.000
2023-12-15,4107.000,4167.000,4107.000,4156.000,184545,174611,4148.000
2023-12-18,4145.000,4197.000,4126.000,4194.000,167431,141450,4159.000
2023-12-19,4325.000,4350.000,4308.000,4348.000,254744,349795,4330.000
2023-12-20,4351.000,4525.000,4348.000,4485.000,779573,437351,4449.000
2023-12-21,4489.000,4545.000,4463.000,4525.000,533429,436669,4514.000
2023-12-22,4514.000,4680.000,4489.000,4551.000,844855,432960,4570.000
2023-12-25,4555.000,4590.000,4480.000,4536.000,525683,428462,4532.000
2023-12-26,4550.000,4552.000,4504.000,4518.000,294638,424457,4527.000
2023-12-27,4511.000,4546.000,4468.000,4519.000,396279,422231,4506.000
2023-12-28,4515.000,4531.000,4453.000,4484.000,385886,419630,4489.000
2023-12-29,4480.000,4495.000,4406.000,4428.000,373010,397248,4450.000
2024-01-02,4435.000,4584.000,4435.000,4579.000,380168,431830,4521.000
2024-01-03,4575.000,4645.000,4553.000,4581.000,449138,435919,4589.000
2024-01-04,4581.000,4616.000,4525.000,4552.000,410263,429366,4567.000
2024-01-05,4560.000,4720.000,4516.000,4682.000,793452,496106,4621.000
2024-01-08,4685.000,4775.000,4626.000,4661.000,1098960,509071,4697.000
2024-01-09,4650.000,4682.000,4560.000,4572.000,846370,471801,4613.000
2024-01-10,4613.000,4666.000,4456.000,4459.000,1165520,431859,4572.000
2024-01-11,4485.000,4550.000,4471.000,4531.000,625090,432344,4514.000
2024-01-12,4554.000,4569.000,4510.000,4548.000,507517,415716,4537.000
2024-01-15,4560.000,4648.000,4536.000,4630.000,883552,435157,4598.000
2024-01-16,4622.000,4677.000,4610.000,4645.000,624714,430501,4645.000
2024-01-17,4645.000,4674.000,4612.000,4651.000,573004,429971,4646.000
2024-01-18,4672.000,4750.000,4631.000,4679.000,1159756,440295,4694.000
2024-01-19,4670.000,4692.000,4580.000,4590.000,855999,426624,4635.000
2024-01-22,4585.000,4649.000,4556.000,4588.000,652767,408801,4608.000
2024-01-23,4588.000,4670.000,4583.000,4654.000,530981,401568,4627.000
2024-01-24,4657.000,4722.000,4643.000,4722.000,465796,424176,4676.000
2024-01-25,4720.000,4734.000,4686.000,4690.000,424525,424646,4710.000
2024-01-26,4700.000,4805.000,4680.000,4706.000,983462,439895,4742.000
2024-01-29,4672.000,4785.000,4653.000,4712.000,760346,445592,4716.000
2024-01-30,4705.000,4742.000,4685.000,4724.000,447645,433896,4712.000
2024-01-31,4714.000,4780.000,4666.000,4768.000,874969,469315,4728.000
2024-02-01,4756.000,4789.000,4694.000,4703.000,721497,436381,4738.000
2024-02-02,4700.000,4713.000,4602.000,4607.000,700433,405963,4652.000
2024-02-05,4607.000,4674.000,4606.000,4656.000,380241,391736,4643.000
2024-02-06,4648.000,4648.000,4567.000,4605.000,469413,382474,4597.000
2024-02-07,4606.000,4668.000,4606.000,4645.000,323261,355261,4640.000
2024-02-08,4654.000,4686.000,4614.000,4652.000,275474,335992,4641.000
2024-02-19,4708.000,4736.000,4661.000,4684.000,269958,356543,4702.000
2024-02-20,4696.000,4728.000,4619.000,4634.000,516241,388901,4678.000
2024-02-21,4623.000,4647.000,4562.000,4572.000,603474,400081,4607.000
2024-02-22,4570.000,4686.000,4570.000,4682.000,559964,412580,4638.000
2024-02-23,4684.000,4720.000,4634.000,4654.000,612632,411271,4683.000
2024-02-26,4645.000,4685.000,4626.000,4643.000,418141,399297,4654.000
2024-02-27,4643.000,4671.000,4628.000,4663.000,391918,403500,4647.000
2024-02-28,4663.000,4695.000,4606.000,4614.000,473869,405736,4650.000
2024-02-29,4610.000,4628.000,4588.000,4603.000,351871,411076,4605.000
2024-03-01,4603.000,4631.000,4566.000,4622.000,420766,399816,4599.000
2024-03-04,4625.000,4632.000,4557.000,4574.000,557481,403712,4585.000
2024-03-05,4576.000,4576.000,4531.000,4538.000,398888,405582,4553.000
2024-03-06,4548.000,4598.000,4541.000,4578.000,365903,378433,4566.000
2024-03-07,4580.000,4595.000,4560.000,4575.000,260456,376564,4575.000
2024-03-08,4575.000,4606.000,4561.000,4596.000,345882,373337,4583.000
2024-03-11,4595.000,4625.000,4567.000,4615.000,418597,376466,4600.000
2024-03-12,4616.000,4648.000,4596.000,4637.000,386926,387605,4620.000
2024-03-13,4635.000,4639.000,4574.000,4581.000,381539,369988,4607.000
2024-03-14,4593.000,4603.000,4555.000,4589.000,373597,358011,4579.000
2024-03-15,4593.000,4644.000,4580.000,4624.000,367436,370283,4619.000
2024-03-18,4620.000,4625.000,4483.000,4512.000,652857,380485,4532.000
2024-03-19,4518.000,4545.000,4506.000,4534.000,267954,366135,4526.000
2024-03-20,4524.000,4548.000,4513.000,4522.000,212380,360839,4528.000
2024-03-21,4500.000,4526.000,4477.000,4493.000,309371,361316,4501.000
2024-03-22,4493.000,4517.000,4470.000,4490.000,294441,356063,4494.000
2024-03-25,4503.000,4530.000,4476.000,4503.000,280843,345612,4501.000
2024-03-26,4503.000,4510.000,4466.000,4469.000,231149,350547,4487.000
2024-03-27,4480.000,4516.000,4456.000,4472.000,284389,343744,4488.000
2024-03-28,4471.000,4508.000,4451.000,4496.000,250066,339263,4482.000
2024-03-29,4510.000,4510.000,4455.000,4460.000,221454,345366,4475.000
2024-04-01,4452.000,4510.000,4443.000,4500.000,239355,322991,4490.000
2024-04-02,4500.000,4525.000,4475.000,4480.000,216721,317078,4503.000
2024-04-03,4480.000,4504.000,4453.000,4493.000,263783,302154,4480.000
2024-04-08,4488.000,4489.000,4424.000,4438.000,205817,322790,4446.000
2024-04-09,4452.000,4486.000,4413.000,4435.000,268460,310231,4446.000
2024-04-10,4436.000,4469.000,4408.000,4445.000,240497,283327,4444.000
2024-04-11,4460.000,4460.000,4420.000,4421.000,162495,275279,4437.000
2024-04-12,4420.000,4463.000,4408.000,4428.000,214435,264878,4437.000
2024-04-15,4431.000,4480.000,4422.000,4463.000,220298,244620,4453.000
2024-04-16,4480.000,4480.000,4398.000,4400.000,204727,240610,4439.000
2024-04-17,4396.000,4448.000,4385.000,4421.000,220152,209167,4420.000
2024-04-18,4418.000,4462.000,4414.000,4446.000,169283,178739,4442.000
2024-04-19,4533.000,4602.000,4513.000,4545.000,406680,263971,4552.000
2024-04-22,4528.000,4573.000,4523.000,4554.000,219970,279816,4551.000
2024-04-23,4550.000,4563.000,4505.000,4506.000,218863,280573,4540.000
2024-04-24,4500.000,4506.000,4426.000,4444.000,418334,357490,4457.000
2024-04-25,4444.000,4465.000,4421.000,4439.000,239146,373175,4444.000
2024-04-26,4448.000,4460.000,4415.000,4454.000,205299,369584,4440.000
2024-04-29,4454.000,4468.000,4434.000,4460.000,204555,367993,4451.000
2024-04-30,4455.000,4469.000,4437.000,4462.000,183178,370136,4453.000
2024-05-06,4441.000,4488.000,4421.000,4471.000,251449,368419,4460.000
2024-05-07,4470.000,4504.000,4456.000,4485.000,267166,375100,4480.000
2024-05-08,4475.000,4484.000,4432.000,4435.000,247496,401638,4457.000
2024-05-09,4430.000,4452.000,4393.000,4400.000,277698,435361,4421.000
2024-05-10,4407.000,4407.000,4356.000,4383.000,264414,442403,4380.000
2024-05-13,4395.000,4416.000,4365.000,4409.000,207424,433890,4392.000
2024-05-14,4424.000,4468.000,4413.000,4460.000,317291,401273,4447.000
2024-05-15,4460.000,4483.000,4445.000,4454.000,245293,385863,4466.000
2024-05-16,4470.000,4475.000,4448.000,4452.000,189939,384052,4461.000
2024-05-17,4454.000,4528.000,4454.000,4518.000,317410,380638,4494.000
2024-05-20,4530.000,4589.000,4516.000,4552.000,328633,392809,4555.000
2024-05-21,4552.000,4560.000,4516.000,4526.000,260030,367368,4537.000
2024-05-22,4529.000,4541.000,4503.000,4520.000,198885,372548,4524.000
2024-05-23,4505.000,4544.000,4491.000,4504.000,237236,361550,4517.000
2024-05-24,4520.000,4571.000,4507.000,4559.000,278210,381008,4535.000
2024-05-27,4560.000,4597.000,4537.000,4567.000,287735,389144,4569.000
2024-05-28,4573.000,4603.000,4554.000,4566.000,261024,382808,4580.000
2024-05-29,4580.000,4598.000,4535.000,4597.000,210145,385705,4565.000
2024-05-30,4610.000,4648.000,4575.000,4594.000,349023,374224,4617.000
2024-05-31,4604.000,4640.000,4571.000,4635.000,242189,379826,4604.000
2024-06-03,4640.000,4656.000,4585.000,4604.000,403754,367584,4618.000
2024-06-04,4594.000,4631.000,4577.000,4596.000,319618,359334,4602.000
2024-06-05,4577.000,4584.000,4526.000,4526.000,273014,341247,4550.000
2024-06-06,4539.000,4564.000,4534.000,4554.000,177877,337548,4548.000
2024-06-07,4548.000,4578.000,4532.000,4557.000,225164,328438,4555.000
2024-06-11,4560.000,4588.000,4538.000,4552.000,254610,332107,4565.000
2024-06-12,4543.000,4568.000,4508.000,4567.000,260040,324539,4533.000
2024-06-13,4575.000,4582.000,4528.000,4533.000,218853,320433,4554.000
2024-06-14,4546.000,4547.000,4483.000,4489.000,249598,323986,4512.000
2024-06-17,4489.000,4508.000,4470.000,4474.000,184966,323746,4491.000
2024-06-18,4470.000,4488.000,4458.000,4461.000,146175,330807,4470.000
2024-06-19,4467.000,4494.000,4456.000,4474.000,141024,333986,4477.000
2024-06-20,4482.000,4507.000,4478.000,4502.000,167530,327502,4495.000
2024-06-21,4510.000,4539.000,4505.000,4527.000,207958,324593,4523.000
2024-06-24,4520.000,4564.000,4501.000,4551.000,244154,316395,4530.000
2024-06-25,4551.000,4595.000,4543.000,4594.000,213754,328026,4568.000
2024-06-26,4588.000,4593.000,4566.000,4577.000,173286,319915,4579.000
2024-06-27,4580.000,4632.000,4566.000,4627.000,221956,344535,4601.000
2024-06-28,4638.000,4664.000,4617.000,4640.000,267019,355907,4640.000
2024-07-01,4650.000,4695.000,4635.000,4695.000,253629,383736,4672.000
2024-07-02,4695.000,4708.000,4679.000,4700.000,198944,390916,4693.000
2024-07-03,4706.000,4730.000,4687.000,4728.000,195734,411362,4710.000
2024-07-04,4722.000,4737.000,4693.000,4699.000,262859,410518,4715.000
2024-07-05,4699.000,4714.000,4683.000,4693.000,215151,415863,4698.000
2024-07-08,4718.000,4775.000,4707.000,4712.000,443182,428529,4742.000
2024-07-09,4712.000,4745.000,4688.000,4728.000,320085,433056,4715.000
2024-07-10,4728.000,4738.000,4689.000,4723.000,313107,435196,4714.000
2024-07-11,4723.000,4805.000,4722.000,4802.000,546541,469533,4764.000
2024-07-12,4805.000,4838.000,4752.000,4767.000,467535,450953,4794.000
2024-07-15,4771.000,4786.000,4729.000,4739.000,310520,436635,4756.000
2024-07-16,4755.000,4755.000,4667.000,4677.000,352769,377338,4698.000
2024-07-17,4676.000,4715.000,4640.000,4641.000,340190,363266,4681.000
2024-07-18,4637.000,4664.000,4630.000,4653.000,196924,350128,4646.000
2024-07-19,4668.000,4688.000,4646.000,4646.000,246990,343314,4666.000
2024-07-22,4654.000,4678.000,4627.000,4660.000,205980,337220,4653.000
2024-07-23,4643.000,4660.000,4629.000,4634.000,162838,321541,4643.000
2024-07-24,4626.000,4630.000,4578.000,4604.000,254250,297874,4603.000
2024-07-25,4616.000,4626.000,4592.000,4595.000,178712,289379,4607.000
2024-07-26,4592.000,4644.000,4586.000,4632.000,172798,281444,4616.000
2024-07-29,4625.000,4647.000,4597.000,4637.000,210152,273804,4620.000
2024-07-30,4637.000,4670.000,4583.000,4585.000,268039,262379,4627.000
2024-07-31,4580.000,4658.000,4565.000,4654.000,224480,252559,4614.000
2024-08-01,4669.000,4730.000,4652.000,4698.000,284800,258471,4692.000
2024-08-02,4685.000,4696.000,4639.000,4662.000,187791,237888,4663.000
2024-08-05,4645.000,4646.000,4576.000,4583.000,192385,224032,4614.000
2024-08-06,4571.000,4612.000,4560.000,4567.000,149982,217374,4584.000
2024-08-07,4560.000,4581.000,4545.000,4555.000,117652,216689,4562.000
2024-08-08,4560.000,4574.000,4523.000,4528.000,117294,213553,4549.000
2024-08-09,4515.000,4556.000,4502.000,4549.000,145581,204604,4526.000
2024-08-12,4549.000,4558.000,4516.000,4547.000,112332,195452,4536.000
2024-08-13,4547.000,4569.000,4530.000,4537.000,96586,182179,4548.000
2024-08-14,4546.000,4563.000,4498.000,4513.000,161144,169863,4532.000
2024-08-15,4514.000,4530.000,4486.000,4522.000,111351,153552,4507.000
2024-08-16,4507.000,4563.000,4507.000,4522.000,114350,122510,4538.000
2024-08-19,4568.000,4636.000,4547.000,4599.000,221295,215615,4593.000
2024-08-20,4594.000,4670.000,4591.000,4663.000,219404,242604,4632.000
2024-08-21,4657.000,4690.000,4645.000,4683.000,171877,249607,4665.000
2024-08-22,4690.000,4697.000,4655.000,4662.000,164005,242523,4675.000
2024-08-23,4663.000,4684.000,4639.000,4649.000,157319,247988,4661.000
2024-08-26,4654.000,4720.000,4640.000,4715.000,219049,265485,4674.000
2024-08-27,4730.000,4778.000,4720.000,4758.000,287110,294227,4746.000
2024-08-28,4752.000,4767.000,4727.000,4759.000,180272,302078,4749.000
2024-08-29,4750.000,4794.000,4742.000,4768.000,233708,321847,4770.000
2024-08-30,4770.000,4796.000,4758.000,4790.000,205833,332189,4775.000
2024-09-02,4782.000,4789.000,4718.000,4734.000,251014,327358,4749.000
2024-09-03,4734.000,4747.000,4678.000,4697.000,242110,323099,4713.000
2024-09-04,4691.000,4696.000,4556.000,4571.000,394868,289993,4623.000
2024-09-05,4570.000,4580.000,4525.000,4538.000,249200,279762,4554.000
2024-09-06,4548.000,4567.000,4484.000,4501.000,253607,282778,4521.000
2024-09-09,4501.000,4522.000,4446.000,4476.000,229707,284438,4487.000
2024-09-10,4492.000,4492.000,4400.000,4403.000,208981,284436,4449.000
2024-09-11,4394.000,4432.000,4292.000,4429.000,377194,295531,4352.000
2024-09-12,4429.000,4444.000,4377.000,4425.000,251638,298170,4408.000
2024-09-13,4425.000,4473.000,4419.000,4428.000,199952,294850,4441.000
2024-09-18,4450.000,4450.000,4369.000,4391.000,182094,301355,4403.000
2024-09-19,4394.000,4445.000,4358.000,4435.000,218316,298149,4400.000
2024-09-20,4442.000,4445.000,4392.000,4396.000,165810,300182,4418.000
2024-09-23,4396.000,4404.000,4354.000,4365.000,198371,299669,4378.000
2024-09-24,4365.000,4470.000,4341.000,4459.000,247886,293273,4404.000
2024-09-25,4470.000,4550.000,4451.000,4498.000,252265,278095,0.000
2024-09-26,4493.000,4518.000,4462.000,4489.000,181466,269102,4494.000
2024-09-27,4489.000,4539.000,4480.000,4513.000,181279,260667,4505.000
2024-09-30,4520.000,4700.000,4511.000,4673.000,289485,255733,4626.000
2024-10-08,4820.000,4820.000,4742.000,4793.000,283975,267278,4778.000
2024-10-09,4795.000,4884.000,4750.000,4805.000,559031,303775,4810.000
2024-10-10,4795.000,4809.000,4718.000,4732.000,363044,296269,4766.000
2024-10-11,4740.000,4792.000,4717.000,4786.000,251405,298769,4760.000
2024-10-14,4785.000,4832.000,4748.000,4765.000,306999,307468,4785.000
2024-10-15,4741.000,4759.000,4658.000,4675.000,292208,297777,4712.000
2024-10-16,4670.000,4714.000,4668.000,4685.000,164115,299190,4691.000
2024-10-17,4685.000,4685.000,4611.000,4624.000,200755,289750,4645.000
2024-10-18,4631.000,4670.000,4626.000,4649.000,192774,294443,4648.000
2024-10-21,4649.000,4653.000,4562.000,4581.000,227043,279714,4597.000
2024-10-22,4590.000,4621.000,4572.000,4594.000,155784,271818,4594.000
2024-10-23,4604.000,4618.000,4585.000,4592.000,137435,270080,4600.000
2024-10-24,4585.000,4596.000,4548.000,4588.000,152305,260817,4572.000
2024-10-25,4592.000,4644.000,4584.000,4598.000,195787,258630,4609.000
2024-10-28,4600.000,4650.000,4558.000,4650.000,216817,259818,4607.000
2024-10-29,4637.000,4645.000,4524.000,4530.000,256452,264293,4574.000
2024-10-30,4549.000,4567.000,4521.000,4547.000,147773,256957,4545.000
2024-10-31,4568.000,4598.000,4544.000,4588.000,149774,253634,4573.000
2024-11-01,4588.000,4626.000,4577.000,4582.000,162858,250703,4600.000
2024-11-04,4577.000,4618.000,4553.000,4616.000,175683,250367,4585.000
2024-11-05,4628.000,4642.000,4586.000,4627.000,158567,246046,4615.000
2024-11-06,4627.000,4674.000,4570.000,4589.000,264173,244112,4631.000
2024-11-07,4575.000,4680.000,4575.000,4678.000,195942,255705,4632.000
2024-11-08,4663.000,4683.000,4630.000,4667.000,175518,245283,4655.000
2024-11-11,4650.000,4665.000,4577.000,4600.000,219608,227740,4611.000
2024-11-12,4581.000,4602.000,4562.000,4567.000,135459,230021,4579.000
2024-11-13,4573.000,4595.000,4564.000,4586.000,108386,231191,4580.000
2024-11-14,4572.000,4583.000,4544.000,4556.000,138523,236071,4560.000
2024-11-15,4565.000,4590.000,4558.000,4560.000,136774,237314,4575.000
2024-11-18,4569.000,4578.000,4532.000,4554.000,148211,239095,4551.000
2024-11-19,4550.000,4575.000,4530.000,4574.000,138798,241227,4556.000
2024-11-20,4566.000,4625.000,4551.000,4622.000,178348,249305,4591.000
2024-11-21,4622.000,4624.000,4570.000,4586.000,164542,246078,4591.000
2024-11-22,4600.000,4638.000,4576.000,4612.000,214643,245169,4607.000
2024-11-25,4615.000,4630.000,4562.000,4562.000,199127,228514,4590.000
2024-11-26,4563.000,4599.000,4553.000,4594.000,140604,224628,4573.000
2024-11-27,4587.000,4618.000,4584.000,4615.000,121771,232376,4600.000
2024-11-28,4610.000,4625.000,4570.000,4572.000,146700,219248,4595.000
2024-11-29,4580.000,4628.000,4566.000,4622.000,161506,223108,4601.000
2024-12-02,4622.000,4700.000,4611.000,4696.000,226921,249179,4655.000
2024-12-03,4696.000,4697.000,4649.000,4662.000,151462,235855,4670.000
2024-12-04,4670.000,4685.000,4654.000,4666.000,122202,229957,4670.000
2024-12-05,4651.000,4673.000,4634.000,4648.000,117573,214752,4649.000
2024-12-06,4644.000,4690.000,4640.000,4682.000,130508,218788,4666.000
2024-12-09,4660.000,4680.000,4635.000,4646.000,122900,209598,4654.000
2024-12-10,4669.000,4709.000,4664.000,4683.000,140435,206115,4687.000
2024-12-11,4682.000,4703.000,4657.000,4703.000,106032,204353,4682.000
2024-12-12,4698.000,4736.000,4692.000,4709.000,146619,202669,4713.000
2024-12-13,4724.000,4724.000,4687.000,4692.000,93900,186886,4702.000
2024-12-16,4690.000,4710.000,4667.000,4708.000,140666,136782,4689.000
2024-12-17,4835.000,4839.000,4804.000,4815.000,132989,294213,4817.000
2024-12-18,4808.000,4813.000,4760.000,4778.000,162295,289482,4783.000
2024-12-19,4797.000,4797.000,4704.000,4712.000,206067,269590,4740.000
2024-12-20,4712.000,4732.000,4683.000,4691.000,151073,261382,4704.000
2024-12-23,4706.000,4768.000,4689.000,4763.000,163728,256920,4723.000
2024-12-24,4756.000,4786.000,4737.000,4779.000,127994,263322,4758.000
2024-12-25,4780.000,4806.000,4769.000,4802.000,133501,281484,4786.000
2024-12-26,4802.000,4823.000,4784.000,4792.000,143761,290049,4800.000
2024-12-27,4790.000,4801.000,4755.000,4761.000,145961,274420,4774.000
2024-12-30,4773.000,4864.000,4765.000,4822.000,232875,303205,4807.000
2024-12-31,4822.000,4862.000,4804.000,4846.000,162618,318967,4836.000
2025-01-02,4855.000,4875.000,4822.000,4859.000,157154,332563,4852.000
2025-01-03,4860.000,4862.000,4720.000,4744.000,299543,285325,4793.000
2025-01-06,4749.000,4779.000,4703.000,4710.000,189984,273915,4738.000
2025-01-07,4710.000,4727.000,4685.000,4694.000,153617,275830,4703.000
2025-01-08,4700.000,4731.000,4690.000,4706.000,141969,273088,4711.000
2025-01-09,4710.000,4768.000,4695.000,4756.000,242511,280451,4728.000
2025-01-10,4740.000,4764.000,4732.000,4733.000,122606,274631,4745.000
2025-01-13,4760.000,4805.000,4740.000,4776.000,216243,280749,4775.000
2025-01-14,4771.000,4783.000,4742.000,4776.000,139678,277672,4763.000
2025-01-15,4776.000,4833.000,4765.000,4818.000,200586,298414,4806.000
2025-01-16,4818.000,4867.000,4794.000,4831.000,199589,305437,4827.000
2025-01-17,4831.000,4837.000,4786.000,4812.000,144056,303108,4811.000
2025-01-20,4801.000,4812.000,4735.000,4750.000,207739,277802,4763.000
2025-01-21,4755.000,4786.000,4752.000,4753.000,122842,267893,4769.000
2025-01-22,4753.000,4770.000,4730.000,4755.000,122549,263963,4750.000
2025-01-23,4756.000,4762.000,4723.000,4730.000,114870,259117,4740.000
2025-01-24,4730.000,4742.000,4705.000,4719.000,110762,249329,4720.000
2025-01-27,4734.000,4755.000,4707.000,4721.000,99445,238999,4727.000
2025-02-05,4722.000,4735.000,4656.000,4662.000,158360,255505,4678.000
2025-02-06,4655.000,4687.000,4634.000,4668.000,182164,276860,4656.000
2025-02-07,4670.000,4706.000,4664.000,4699.000,133104,283097,4686.000
2025-02-10,4700.000,4740.000,4700.000,4717.000,154827,274337,4721.000
2025-02-11,4723.000,4738.000,4703.000,4711.000,101195,269511,4719.000
2025-02-12,4725.000,4765.000,4716.000,4739.000,143595,259969,4740.000
2025-02-13,4735.000,4738.000,4685.000,4688.000,130145,259507,4707.000
2025-02-14,4692.000,4733.000,4669.000,4718.000,162018,272033,4703.000
2025-02-17,4721.000,4730.000,4685.000,4699.000,121873,276559,4703.000
2025-02-18,4699.000,4712.000,4678.000,4688.000,123345,289454,4694.000
2025-02-19,4686.000,4702.000,4676.000,4688.000,85180,291977,4689.000
2025-02-20,4686.000,4705.000,4674.000,4696.000,111420,293449,4688.000
2025-02-21,4693.000,4701.000,4654.000,4666.000,140277,309866,4674.000
2025-02-24,4660.000,4673.000,4638.000,4666.000,143506,326233,4656.000
2025-02-25,4670.000,4670.000,4620.000,4624.000,143328,354090,4642.000
2025-02-26,4620.000,4630.000,4585.000,4594.000,162889,368810,4607.000
2025-02-27,4589.000,4620.000,4583.000,4615.000,126430,378289,4602.000
2025-02-28,4620.000,4632.000,4605.000,4619.000,104952,375176,4618.000
2025-03-03,4628.000,4648.000,4612.000,4617.000,130051,363666,4629.000
2025-03-04,4610.000,4626.000,4571.000,4618.000,191988,372544,4598.000
2025-03-05,4598.000,4612.000,4553.000,4556.000,161945,383430,4586.000
2025-03-06,4553.000,4556.000,4505.000,4544.000,164779,382000,4535.000
2025-03-07,4550.000,4564.000,4534.000,4538.000,118466,377639,4548.000
2025-03-10,4549.000,4553.000,4475.000,4475.000,174947,380746,4511.000
2025-03-11,4495.000,4501.000,4455.000,4478.000,132440,372176,4479.000
2025-03-12,4476.000,4496.000,4421.000,4440.000,154073,369870,4458.000
2025-03-13,4433.000,4481.000,4433.000,4480.000,118737,363600,4463.000
2025-03-14,4480.000,4520.000,4466.000,4518.000,140045,358220,4487.000
2025-03-17,4510.000,4512.000,4420.000,4440.000,198138,373776,4464.000
2025-03-18,4435.000,4464.000,4416.000,4433.000,127080,373495,4437.000
2025-03-19,4447.000,4458.000,4420.000,4445.000,118750,363477,4441.000
2025-03-20,4445.000,4455.000,4397.000,4417.000,172963,371993,4422.000
2025-03-21,4417.000,4420.000,4376.000,4396.000,174959,377083,4396.000
2025-03-24,4406.000,4476.000,4405.000,4472.000,243373,358335,4449.000
2025-03-25,4475.000,4486.000,4451.000,4474.000,128255,350244,4468.000
2025-03-26,4462.000,4496.000,4459.000,4487.000,129377,338138,4478.000
2025-03-27,4495.000,4509.000,4472.000,4490.000,130522,326533,4491.000
2025-03-28,4488.000,4507.000,4445.000,4451.000,176168,325600,4473.000
2025-03-31,4455.000,4455.000,4416.000,4447.000,141120,319999,4435.000
2025-04-01,4463.000,4525.000,4444.000,4515.000,205675,302360,4488.000
2025-04-02,4519.000,4523.000,4486.000,4502.000,108369,298899,4502.000
2025-04-03,4510.000,4532.000,4432.000,4439.000,246056,293418,4478.000
2025-04-07,4210.000,4290.000,4210.000,4210.000,201130,277784,4253.000
2025-04-08,4200.000,4250.000,4158.000,4163.000,258819,253706,4208.000
2025-04-09,4150.000,4175.000,3956.000,4059.000,363563,240104,4030.000
2025-04-10,4015.000,4271.000,4015.000,4271.000,611684,233633,4210.000
2025-04-11,4240.000,4286.000,4199.000,4279.000,312204,215513,4238.000
2025-04-14,4267.000,4296.000,4223.000,4242.000,198437,213213,4261.000
2025-04-15,4263.000,4268.000,4167.000,4178.000,218826,203558,4199.000
2025-04-16,4170.000,4194.000,4102.000,4112.000,178431,193032,4153.000
2025-04-17,4165.000,4213.000,4147.000,4160.000,139638,216750,4176.000
2025-04-18,4170.000,4198.000,4146.000,4192.000,108647,225425,4172.000
2025-04-21,4199.000,4232.000,4160.000,4220.000,155301,238275,4192.000
2025-04-22,4202.000,4222.000,4171.000,4182.000,134747,236919,4191.000
2025-04-23,4198.000,4254.000,4161.000,4250.000,225610,240127,4205.000
2025-04-24,4238.000,4240.000,4152.000,4179.000,220051,249842,4194.000
2025-04-25,4160.000,4193.000,4144.000,4160.000,193517,255212,4167.000
2025-04-28,4143.000,4212.000,4143.000,4190.000,244601,258651,4187.000
2025-04-29,4190.000,4205.000,4165.000,4187.000,164068,251862,4184.000
2025-04-30,4190.000,4203.000,4152.000,4155.000,163752,242570,4177.000
2025-05-06,4148.000,4176.000,4103.000,4130.000,174113,252697,4135.000
2025-05-07,4133.000,4266.000,4132.000,4199.000,256322,258973,4209.000
2025-05-08,4195.000,4241.000,4141.000,4222.000,260863,264488,4189.000
2025-05-09,4222.000,4238.000,4201.000,4218.000,148159,267143,4219.000
2025-05-12,4240.000,4317.000,4195.000,4302.000,271616,286775,4264.000
2025-05-13,4380.000,4388.000,4315.000,4349.000,251901,285576,4346.000
2025-05-14,4450.000,4553.000,4415.000,4506.000,686407,294801,4492.000
2025-05-15,4500.000,4506.000,4439.000,4461.000,322921,286393,4475.000
2025-05-16,4460.000,4517.000,4452.000,4460.000,350970,291693,4489.000
2025-05-19,4476.000,4520.000,4447.000,4475.000,294270,287342,4483.000
2025-05-20,4456.000,4467.000,4389.000,4413.000,322572,287741,4424.000
2025-05-21,4401.000,4445.000,4396.000,4414.000,186458,278702,4420.000
2025-05-22,4415.000,4435.000,4376.000,4411.000,249640,279582,4409.000
2025-05-23,4408.000,4442.000,4400.000,4403.000,195502,274197,4420.000
2025-05-26,4400.000,4436.000,4381.000,4393.000,259072,265673,4409.000
2025-05-27,4393.000,4395.000,4336.000,4387.000,254497,264910,4366.000
2025-05-28,4392.000,4404.000,4298.000,4311.000,283315,276088,4348.000
2025-05-29,4320.000,4368.000,4293.000,4359.000,276089,275997,4336.000
2025-05-30,4345.000,4365.000,4323.000,4349.000,197094,269864,4340.000
2025-06-03,4360.000,4368.000,4299.000,4306.000,189764,276704,4328.000
2025-06-04,4310.000,4323.000,4255.000,4292.000,333282,286026,4288.000
2025-06-05,4271.000,4337.000,4252.000,4283.000,355924,281106,4292.000
2025-06-06,4293.000,4317.000,4253.000,4261.000,232862,280747,4282.000
2025-06-09,4278.000,4293.000,4240.000,4256.000,208567,284769,4267.000
2025-06-10,4260.000,4295.000,4243.000,4269.000,184824,282773,4268.000
2025-06-11,4271.000,4301.000,4260.000,4285.000,166637,284610,4279.000
2025-06-12,4298.000,4299.000,4231.000,4234.000,224311,296881,4265.000
2025-06-13,4230.000,4411.000,4223.000,4334.000,435177,272451,4336.000
2025-06-16,4344.000,4392.000,4277.000,4374.000,401329,274714,4333.000
2025-06-17,4345.000,4410.000,4311.000,4400.000,375023,294164,4370.000
2025-06-18,4405.000,4485.000,4398.000,4471.000,372518,300501,4449.000
2025-06-19,4480.000,4540.000,4463.000,4539.000,315044,316638,4498.000
2025-06-20,4540.000,4549.000,4485.000,4501.000,284297,305629,4518.000
2025-06-23,4494.000,4574.000,4467.000,4501.000,302829,299221,4504.000
2025-06-24,4479.000,4488.000,4317.000,4332.000,354916,268487,4375.000
2025-06-25,4321.000,4336.000,4304.000,4323.000,178773,264214,4319.000
2025-06-26,4314.000,4344.000,4273.000,4293.000,235092,266298,4302.000
2025-06-27,4290.000,4304.000,4255.000,4271.000,182434,269621,4279.000
2025-06-30,4271.000,4288.000,4251.000,4267.000,194280,284619,4272.000
2025-07-01,4272.000,4279.000,4247.000,4273.000,151515,281918,4262.000
2025-07-02,4290.000,4318.000,4262.000,4299.000,217579,271344,4289.000
2025-07-03,4310.000,4317.000,4278.000,4288.000,155978,279020,4295.000
2025-07-04,4290.000,4313.000,4266.000,4277.000,194894,289624,4293.000
2025-07-07,4288.000,4304.000,4263.000,4279.000,146416,287398,4282.000
2025-07-08,4285.000,4289.000,4258.000,4267.000,136627,288915,4273.000
2025-07-09,4270.000,4291.000,4261.000,4283.000,119519,285305,4275.000
2025-07-10,4280.000,4334.000,4274.000,4325.000,174588,281036,4307.000
2025-07-11,4325.000,4342.000,4292.000,4305.000,177749,281351,4317.000
2025-07-14,4305.000,4360.000,4303.000,4357.000,205526,288868,4331.000
2025-07-15,4365.000,4365.000,4316.000,4322.000,157709,286969,4338.000
2025-07-16,4329.000,4364.000,4297.000,4351.000,213245,288277,4333.000
2025-07-17,4351.000,4393.000,4344.000,4372.000,200503,278710,4367.000
2025-07-18,4381.000,4399.000,4352.000,4376.000,203291,271098,4376.000
2025-07-21,4390.000,4427.000,4380.000,4410.000,200446,270401,4404.000
2025-07-22,4417.000,4463.000,4399.000,4447.000,247918,268630,4430.000
2025-07-23,4459.000,4474.000,4406.000,4436.000,170306,262450,4440.000
2025-07-24,4440.000,4505.000,4432.000,4485.000,245938,278001,4469.000
2025-07-25,4487.000,4580.000,4487.000,4545.000,316590,280434,4529.000
2025-07-28,4545.000,4545.000,4423.000,4436.000,241057,258742,4469.000
2025-07-29,4423.000,4476.000,4423.000,4467.000,136806,259123,4450.000
2025-07-30,4467.000,4490.000,4436.000,4450.000,154678,252714,4465.000
2025-07-31,4440.000,4468.000,4406.000,4414.000,136468,245445,4432.000
2025-08-01,4411.000,4425.000,4388.000,4405.000,110307,239415,4406.000
2025-08-04,4402.000,4402.000,4361.000,4389.000,128439,232536,4375.000
2025-08-05,4380.000,4407.000,4362.000,4399.000,104974,224036,4380.000
2025-08-06,4417.000,4428.000,4395.000,4414.000,90318,218002,4411.000
2025-08-07,4430.000,4441.000,4385.000,4396.000,116892,216801,4412.000
2025-08-08,4404.000,4405.000,4373.000,4384.000,80665,205326,4389.000
2025-08-11,4393.000,4421.000,4382.000,4414.000,93980,199564,4404.000
2025-08-12,4412.000,4444.000,4407.000,4432.000,88719,190590,4427.000
2025-08-13,4418.000,4434.000,4403.000,4406.000,75958,175089,4418.000
2025-08-14,4406.000,4415.000,4358.000,4367.000,146013,159287,4387.000
2025-08-15,4415.000,4436.000,4407.000,4412.000,60953,172862,4420.000
2025-08-18,4408.000,4421.000,4374.000,4392.000,101716,189317,4391.000
2025-08-19,4404.000,4427.000,4381.000,4424.000,106067,206843,4406.000
2025-08-20,4418.000,4536.000,4385.000,4477.000,329548,237013,4452.000
2025-08-21,4470.000,4493.000,4451.000,4473.000,183696,244437,4472.000
2025-08-22,4488.000,4502.000,4457.000,4474.000,156291,249567,4478.000
2025-08-25,4474.000,4520.000,4470.000,4509.000,185693,269211,4502.000
2025-08-26,4510.000,4521.000,4486.000,4490.000,151958,286272,4507.000
2025-08-27,4485.000,4514.000,4471.000,4481.000,168271,277223,4492.000
2025-08-28,4478.000,4485.000,4437.000,4465.000,165743,270972,4464.000
2025-08-29,4467.000,4484.000,4459.000,4466.000,127532,273153,4470.000
2025-09-01,4461.000,4468.000,4413.000,4427.000,169927,278330,4438.000
2025-09-02,4425.000,4435.000,4334.000,4339.000,280749,296330,4382.000
2025-09-03,4345.000,4369.000,4323.000,4331.000,191799,291300,4345.000
2025-09-04,4329.000,4372.000,4322.000,4357.000,180800,302359,4344.000
2025-09-05,4357.000,4379.000,4331.000,4355.000,162506,292784,4354.000
2025-09-08,4358.000,4361.000,4326.000,4349.000,125148,297430,4344.000
2025-09-09,4342.000,4345.000,4295.000,4322.000,184547,303376,4319.000
2025-09-10,4321.000,4334.000,4308.000,4319.000,106908,303186,4320.000
2025-09-11,4320.000,4324.000,4291.000,4302.000,134693,309072,4306.000
2025-09-12,4299.000,4299.000,4265.000,4272.000,134697,317317,4279.000
2025-09-15,4285.000,4293.000,4256.000,4288.000,133025,308773,4277.000
2025-09-16,4292.000,4320.000,4272.000,4272.000,151106,310766,4298.000
2025-09-17,4283.000,4308.000,4275.000,4297.000,124940,310659,4289.000
2025-09-18,4290.000,4301.000,4258.000,4268.000,148734,320284,4282.000
2025-09-19,4276.000,4276.000,4244.000,4257.000,139999,329175,4259.000
2025-09-22,4260.000,4269.000,4233.000,4240.000,113147,329607,4249.000
2025-09-23,4231.000,4235.000,4188.000,4212.000,131327,331822,4214.000
2025-09-24,4220.000,4251.000,4204.000,4234.000,108404,323832,4227.000
2025-09-25,4255.000,4259.000,4238.000,4246.000,82408,317712,4249.000
2025-09-26,4254.000,4254.000,4212.000,4213.000,105146,326040,4227.000
2025-09-29,4215.000,4245.000,4209.000,4224.000,115895,320886,4225.000
2025-09-30,4233.000,4233.000,4181.000,4207.000,136773,314030,4200.000
2025-10-09,4200.000,4200.000,4110.000,4158.000,145463,335300,4145.000
2025-10-10,4165.000,4182.000,4092.000,4100.000,172120,349135,4137.000
2025-10-13,4106.000,4132.000,4068.000,4111.000,146257,341973,4112.000
2025-10-14,4111.000,4111.000,4042.000,4061.000,155748,337402,4072.000
2025-10-15,4037.000,4073.000,4022.000,4057.000,115778,339871,4048.000
2025-10-16,4057.000,4097.000,4007.000,4089.000,173964,333896,4056.000
2025-10-17,4088.000,4089.000,3995.000,4003.000,160136,340370,4037.000
2025-10-20,4012.000,4060.000,4001.000,4003.000,158594,331426,4030.000
2025-10-21,4003.000,4034.000,3971.000,4004.000,168559,333677,4003.000
2025-10-22,4015.000,4068.000,3993.000,4051.000,215522,345527,4033.000
2025-10-23,4060.000,4119.000,4052.000,4095.000,188925,334305,4086.000
2025-10-24,4118.000,4118.000,4072.000,4077.000,169443,327229,4090.000
2025-10-27,4091.000,4138.000,4064.000,4109.000,210433,316155,4098.000
2025-10-28,4110.000,4115.000,4066.000,4069.000,130492,318056,4090.000
2025-10-29,4058.000,4105.000,4052.000,4100.000,139397,312509,4081.000
2025-10-30,4106.000,4109.000,4030.000,4032.000,135055,320045,4073.000
2025-10-31,4025.000,4041.000,4011.000,4018.000,155869,321208,4023.000
2025-11-03,4020.000,4047.000,3960.000,3970.000,217997,338298,4000.000
2025-11-04,3955.000,3964.000,3893.000,3901.000,241215,356790,3930.000
2025-11-05,3880.000,3928.000,3874.000,3914.000,191177,353616,3902.000
2025-11-06,3910.000,3929.000,3865.000,3924.000,189733,355469,3902.000
2025-11-07,3925.000,3975.000,3906.000,3942.000,257894,354388,3944.000
2025-11-10,3946.000,3958.000,3908.000,3953.000,211782,350025,3936.000
2025-11-11,3954.000,3955.000,3869.000,3875.000,174576,362650,3921.000
2025-11-12,3880.000,3916.000,3869.000,3891.000,192653,366485,3890.000
2025-11-13,3894.000,3910.000,3853.000,3892.000,235069,358093,3880.000
2025-11-14,3903.000,3946.000,3896.000,3922.000,223785,338660,3924.000
2025-11-17,3920.000,3961.000,3912.000,3938.000,181817,333212,3932.000
2025-11-18,3938.000,3954.000,3889.000,3907.000,167838,332212,3922.000
2025-11-19,3910.000,3920.000,3867.000,3903.000,179353,329949,3902.000
2025-11-20,3890.000,3891.000,3821.000,3822.000,261730,355406,3850.000
2025-11-21,3833.000,3839.000,3802.000,3808.000,164315,353300,3820.000
2025-11-24,3814.000,3908.000,3791.000,3884.000,282100,317468,3854.000
2025-11-25,3895.000,3926.000,3867.000,3873.000,256262,306213,3897.000
2025-11-26,3873.000,3903.000,3858.000,3896.000,177363,289511,3882.000
2025-11-27,3896.000,3911.000,3863.000,3873.000,149780,286803,3887.000
2025-11-28,3873.000,3900.000,3850.000,3885.000,193887,283437,3871.000
2025-12-01,3885.000,3922.000,3865.000,3882.000,194219,278875,3893.000
2025-12-02,3880.000,3907.000,3853.000,3877.000,165307,282233,3882.000
2025-12-03,3870.000,3871.000,3806.000,3822.000,217688,299226,3830.000
2025-12-04,3836.000,3838.000,3806.000,3826.000,126020,295164,3821.000
2025-12-05,3820.000,3826.000,3721.000,3723.000,208232,307881,3775.000
2025-12-08,3722.000,3732.000,3687.000,3701.000,178188,310473,3706.000
2025-12-09,3690.000,3693.000,3635.000,3691.000,216019,294252,3663.000
2025-12-10,3676.000,3704.000,3663.000,3682.000,186790,276453,3681.000
2025-12-11,3682.000,3691.000,3592.000,3599.000,196493,266189,3645.000
2025-12-12,3608.000,3645.000,3587.000,3627.000,186457,235410,3614.000
2025-12-15,3710.000,3779.000,3710.000,3729.000,153064,252028,3750.000
2025-12-16,3723.000,3792.000,3671.000,3788.000,300593,283478,3733.000
2025-12-17,3772.000,3797.000,3746.000,3758.000,223433,301233,3775.000
2025-12-18,3768.000,3814.000,3761.000,3767.000,184199,303420,3784.000
2025-12-19,3766.000,3778.000,3734.000,3738.000,197357,303114,3758.000
2025-12-22,3753.000,3762.000,3710.000,3735.000,207007,312782,3736.000
2025-12-23,3740.000,3768.000,3608.000,3623.000,426410,378983,3675.000
2025-12-24,3630.000,3825.000,3617.000,3818.000,654018,349113,3734.000
2025-12-25,3815.000,3855.000,3775.000,3818.000,544942,329232,3819.000
2025-12-26,3843.000,3852.000,3786.000,3846.000,363008,312509,3820.000
2025-12-29,3857.000,3857.000,3804.000,3817.000,225076,300751,3828.000
2025-12-30,3810.000,3877.000,3795.000,3847.000,228856,296749,3834.000
2025-12-31,3834.000,3867.000,3789.000,3803.000,241540,297267,3828.000
2026-01-05,3800.000,3824.000,3712.000,3732.000,252433,320123,3766.000
2026-01-06,3744.000,3848.000,3744.000,3838.000,267232,312481,3796.000
2026-01-07,3831.000,3899.000,3814.000,3879.000,350475,299848,3854.000
2026-01-08,3879.000,3909.000,3823.000,3846.000,272372,305115,3861.000
2026-01-09,3858.000,3880.000,3815.000,3866.000,212893,299795,3849.000
2026-01-12,3856.000,3904.000,3826.000,3880.000,256692,295649,3869.000
2026-01-13,3880.000,3880.000,3794.000,3815.000,318388,318217,3831.000
2026-01-14,3823.000,3892.000,3823.000,3867.000,260470,310648,3860.000
2026-01-15,3885.000,3894.000,3786.000,3817.000,285338,323343,3838.000
2026-01-16,3817.000,3837.000,3758.000,3796.000,252978,315211,3797.000
2026-01-19,3800.000,3814.000,3738.000,3755.000,194782,328089,3769.000
2026-01-20,3755.000,3759.000,3672.000,3674.000,248082,360106,3711.000
2026-01-21,3674.000,3707.000,3656.000,3689.000,216923,367923,3681.000
2026-01-22,3702.000,3848.000,3692.000,3847.000,392085,346561,3771.000
2026-01-23,3837.000,3997.000,3828.000,3997.000,747080,388871,3919.000
2026-01-26,4020.000,4044.000,3971.000,3994.000,540849,374593,4002.000
2026-01-27,4002.000,4002.000,3925.000,3938.000,413221,368073,3956.000
2026-01-28,3939.000,3991.000,3915.000,3970.000,425309,372068,3958.000
2026-01-29,3970.000,3985.000,3905.000,3957.000,439892,361094,3944.000
2026-01-30,3963.000,4023.000,3871.000,3913.000,592157,369044,3950.000
2026-02-02,3913.000,3946.000,3749.000,3767.000,505422,366288,3843.000
2026-02-03,3772.000,3809.000,3734.000,3767.000,321405,388356,3764.000
2026-02-04,3767.000,3808.000,3748.000,3788.000,286954,398467,3778.000
2026-02-05,3788.000,3799.000,3721.000,3745.000,312882,400272,3764.000
2026-02-06,3730.000,3780.000,3708.000,3743.000,266645,409432,3740.000
2026-02-09,3737.000,3765.000,3717.000,3739.000,228898,425547,3741.000
2026-02-10,3742.000,3754.000,3712.000,3733.000,207474,439988,3733.000
2026-02-11,3743.000,3796.000,3727.000,3764.000,272604,428779,3766.000
2026-02-12,3782.000,3786.000,3722.000,3723.000,200272,437707,3755.000
2026-02-13,3728.000,3734.000,3670.000,3678.000,189398,430898,3699.000
2026-02-24,3729.000,3760.000,3707.000,3737.000,194570,442512,3733.000
2026-02-25,3750.000,3788.000,3738.000,3747.000,258903,447807,3762.000
2026-02-26,3736.000,3769.000,3686.000,3700.000,288890,491004,3725.000
2026-02-27,3681.000,3749.000,3662.000,3703.000,399398,490630,3703.000
2026-03-02,3735.000,3925.000,3692.000,3925.000,988725,450395,3798.000
2026-03-03,3965.000,4025.000,3872.000,4025.000,1003202,408408,3965.000
2026-03-04,4100.000,4229.000,3956.000,4078.000,1212927,373988,4081.000
2026-03-05,4029.000,4325.000,3992.000,4184.000,1353804,386190,4167.000
2026-03-06,4230.000,4399.000,4146.000,4377.000,1151111,421135,4257.000
2026-03-09,4588.000,4597.000,4483.000,4597.000,594295,390163,4544.000
2026-03-10,4703.000,4705.000,4071.000,4305.000,1085393,306532,4376.000
2026-03-11,4347.000,4646.000,4187.000,4577.000,939371,334653,4450.000
2026-03-12,4658.000,4939.000,4628.000,4653.000,1165428,331014,4782.000
2026-03-13,4680.000,4884.000,4613.000,4729.000,899619,328249,4740.000
2026-03-16,4668.000,5085.000,4636.000,4897.000,849924,341657,4888.000
2026-03-17,4855.000,4885.000,4671.000,4826.000,625943,326821,4796.000
2026-03-18,4780.000,5000.000,4766.000,4849.000,669625,327155,4880.000
2026-03-19,5045.000,5378.000,5045.000,5220.000,897491,333482,5222.000
2026-03-20,5180.000,5386.000,4913.000,5353.000,882206,344627,5135.000
2026-03-23,5425.000,5626.000,5305.000,5574.000,861915,345932,5459.000
2026-03-24,5230.000,5447.000,5106.000,5119.000,822904,307227,5299.000
2026-03-25,5210.000,5242.000,4763.000,5036.000,760744,286235,5000.000
2026-03-26,5016.000,5138.000,4910.000,5058.000,640779,283033,5016.000
2026-03-27,5226.000,5296.000,5055.000,5279.000,705617,295639,5191.000
2026-03-30,5370.000,5549.000,5320.000,5359.000,773216,296562,5413.000
2026-03-31,5326.000,5521.000,5138.000,5218.000,1007748,274798,5337.000
2026-04-01,5230.000,5298.000,4850.000,4863.000,1006588,277449,5125.000
2026-04-02,4911.000,5250.000,4824.000,5152.000,969016,289061,5051.000
2026-04-03,5300.000,5364.000,4981.000,5237.000,886490,278921,5141.000
2026-04-07,5430.000,5706.000,5314.000,5706.000,629009,334875,5549.000
2026-04-08,5760.000,5814.000,4968.000,5071.000,1431750,257418,5357.000
2026-04-09,4998.000,5239.000,4961.000,5152.000,860247,255239,5102.000
2026-04-10,5202.000,5214.000,4846.000,4943.000,879530,245629,5015.000
2026-04-13,4910.000,5150.000,4838.000,4969.000,656851,233190,4965.000
2026-04-14,4980.000,5064.000,4823.000,4925.000,562941,207891,4930.000
2026-04-15,4880.000,5000.000,4820.000,4939.000,482336,188992,4913.000
2026-04-16,4926.000,5065.000,4884.000,5015.000,395524,176367,4975.000
2026-04-17,4915.000,4921.000,4826.000,4858.000,267866,224666,4876.000
2026-04-20,4650.000,4810.000,4613.000,4722.000,478130,238684,4699.000
2026-04-21,4700.000,4790.000,4667.000,4774.000,389993,249844,4721.000
2026-04-22,4820.000,4887.000,4741.000,4808.000,412405,257109,4800.000
2026-04-23,4848.000,4860.000,4775.000,4842.000,454542,268029,4819.000
2026-04-24,4819.000,4889.000,4781.000,4800.000,362307,273794,4826.000
2026-04-27,4792.000,4985.000,4767.000,4941.000,481485,290435,4881.000
2026-04-28,4933.000,5042.000,4901.000,5035.000,396988,296679,4962.000
2026-04-29,5015.000,5082.000,4994.000,5068.000,319107,297853,5028.000
2026-04-30,5119.000,5128.000,5028.000,5073.000,345822,294880,5080.000
2026-05-06,5046.000,5211.000,5038.000,5162.000,348429,319194,5151.000
2026-05-07,5050.000,5086.000,4840.000,4851.000,549106,302048,4961.000
2026-05-08,4800.000,4890.000,4746.000,4764.000,375609,293598,4802.000
2026-05-11,4733.000,4880.000,4715.000,4833.000,417038,302547,4799.000
2026-05-12,4833.000,4859.000,4776.000,4836.000,257079,299264,4818.000
2026-05-13,4836.000,4888.000,4800.000,4829.000,295739,298598,4837.000
2026-05-14,4829.000,4845.000,4672.000,4691.000,336115,310053,4747.000
2026-05-15,4680.000,4794.000,4667.000,4758.000,305247,300148,4745.000
2026-05-18,4758.000,4856.000,4732.000,4793.000,312214,309231,4799.000
2026-05-19,4750.000,4774.000,4661.000,4762.000,347516,305391,4724.000
2026-05-20,4772.000,4794.000,4705.000,4731.000,300690,304170,4748.000
2026-05-21,4707.000,4765.000,4633.000,4689.000,419369,311799,4700.000
2026-05-22,4693.000,4714.000,4483.000,4550.000,464351,326545,4586.000
2026-05-25,4515.000,4575.000,4356.000,4454.000,540830,322390,4482.000
2026-05-26,4465.000,4510.000,4428.000,4451.000,341480,319252,4473.000
2026-05-27,4488.000,4495.000,4383.000,4411.000,293698,321751,4438.000
2026-05-28,4348.000,4513.000,4333.000,4463.000,374874,299514,4443.000
2026-05-29,4460.000,4496.000,4409.000,4436.000,304054,303243,4444.000
2026-06-01,4436.000,4545.000,4397.000,4515.000,361024,307905,4479.000
2026-06-02,4490.000,4614.000,4487.000,4507.000,374830,311421,4541.000
2026-06-03,4516.000,4566.000,4474.000,4529.000,295347,313742,4521.000
2026-06-04,4539.000,4539.000,4443.000,4475.000,298119,308736,4490.000
2026-06-05,4435.000,4541.000,4428.000,4505.000,279915,306145,4481.000
2026-06-08,4485.000,4661.000,4417.000,4648.000,503604,325727,4541.000
